Date,ETH paid,USD value of ETH paid,Payer,Beneficiary,Transaction hash
13 Jan 2025 04:58:47 GMT,0.5,1619.902495235,0x67d5da580278e52a67521b4440f485fe6ded6e16,0x67d5da580278e52a67521b4440f485fe6ded6e16,0x7eae8bae67cfa063b8e106eef7da58d9f82ca3cea080d60fcc249d5acd3b6cbf
13 Jan 2025 04:56:47 GMT,3.98,12894.4238620706,0x818cf89054b3a5e03d4677b52982e8319d009194,0x818cf89054b3a5e03d4677b52982e8319d009194,0xf38964b0f4d76b758dac28603784b02bd05f6a6bcf647f01ef699da68917af19
13 Jan 2025 04:56:35 GMT,1,3239.80499047,0x67d5da580278e52a67521b4440f485fe6ded6e16,0x67d5da580278e52a67521b4440f485fe6ded6e16,0xa4c8f7dee5e6d920b85f70dace488f9cb7062c81603ac6a97192286dc4e7e794
13 Jan 2025 04:53:47 GMT,0.6,1943.882994282,0x67d5da580278e52a67521b4440f485fe6ded6e16,0x67d5da580278e52a67521b4440f485fe6ded6e16,0x57a614a534c5fa9070839affab708dc3f8cfbb4317aa01e04f195423b7fcc674
13 Jan 2025 04:53:23 GMT,0.7,2267.863493329,0x070d8d78a3d6afeb3d2bd520c7d35f18a261bfd3,0x070d8d78a3d6afeb3d2bd520c7d35f18a261bfd3,0xe8dc5098293cdb2f416bba018dbd8b24affd03ae8287887251a030982c727cd0
13 Jan 2025 04:52:23 GMT,0.15,485.9707485705,0xab760274b2ebbf1d703860cb9eff54190ec700c9,0xab760274b2ebbf1d703860cb9eff54190ec700c9,0xfec5af9e1c87a74e5d90e0be4f36236c1e360c018ef3becdf0d7183e3e541b9f
13 Jan 2025 04:51:47 GMT,0.3,971.941497141,0x67d5da580278e52a67521b4440f485fe6ded6e16,0x67d5da580278e52a67521b4440f485fe6ded6e16,0x534c2d5259be0f0b37ca96c72be2dedea35093cdd6c40d2fe8917bb56660e5fb
13 Jan 2025 04:44:23 GMT,0.25,814.35988825,0xe590e0a84c9851967a2de7f21c0c9cb54d4fc63d,0xe590e0a84c9851967a2de7f21c0c9cb54d4fc63d,0x813cb2bdf9f6f8edda7ddb81d1b637e6cfefc34141ac7bd50690becb335b973d
13 Jan 2025 04:42:11 GMT,0.5,1628.7197765,0x80b3886de69bbd4d90844b7597d037266407a960,0x80b3886de69bbd4d90844b7597d037266407a960,0x272559c40c5eb5ce753b943629a0e70bcb00c691a83b616937cde049b9fd9943
13 Jan 2025 04:29:11 GMT,1,3257.439553,0x2905a27e3ca15220cb2d3a47f285ace8c72dc831,0x2905a27e3ca15220cb2d3a47f285ace8c72dc831,0x279d57837d9dde9e46a06d1152b3540a28f6b8a10a0bdd0923132f8d22d2e220
13 Jan 2025 04:20:47 GMT,0.053,171.66793779684,0xe97a86ed7be12477d37cabd0b46b5dd1b8049891,0xe97a86ed7be12477d37cabd0b46b5dd1b8049891,0xdd8c4ab3fa603e21b8715e20a4a0dec8351205591c6e2439f04b10816cfa26ee
13 Jan 2025 04:17:59 GMT,0.315,1020.2905736982,0x131f7f667cd92439d24e92d574f099be4c6ac419,0x131f7f667cd92439d24e92d574f099be4c6ac419,0x4c6c4103a60f11b0a3d1678b0fe514226b5340e029da77f194171a17f3d9057e
13 Jan 2025 04:05:47 GMT,0.008,25.91214155424,0x0719283735c56f7b93135add8c25ba4dd0542414,0x0719283735c56f7b93135add8c25ba4dd0542414,0x6368c5acf05d6381ad5d01c1be3588b0b1984c74792f76e4cb5a0e663f7c1f78
13 Jan 2025 03:59:59 GMT,0.23,744.9740696844,0x18dce61496f9a5c846c6d2462e0116caf00e494d,0x18dce61496f9a5c846c6d2462e0116caf00e494d,0x925067f9fa30989fcb3144983c0635e1531247aa01d77ce6e2f0b7764edfa961
13 Jan 2025 03:56:47 GMT,6.2,20081.909704536,0x3f043c80696fc46e5a3fbfd1cf86dcbba5fcc62c,0x3f043c80696fc46e5a3fbfd1cf86dcbba5fcc62c,0xa43231152af4d99e93b7ed7e76649d190b502f61555d9cc87d293b2ce5d401ac
13 Jan 2025 03:47:59 GMT,6,19434.10616568,0x676ca6b90094630873d87dbebc45785f16c5200d,0x676ca6b90094630873d87dbebc45785f16c5200d,0xd50f9fdfce29636c92d04e501817ab16087fbea835c39b898bf5c2c5b1544371
13 Jan 2025 03:02:59 GMT,2,6512.08,0x4f42e9eb58bfadd635fdac46eef26a32ea6240ca,0x4f42e9eb58bfadd635fdac46eef26a32ea6240ca,0xe41825cd3379e4d17ad7d91f5693f9f7cfb2732f01d984e518f694ade251aaca
13 Jan 2025 02:41:23 GMT,9,29286.3978,0x89bfebd67040d3a9f8410595d0806365bd29d009,0x89bfebd67040d3a9f8410595d0806365bd29d009,0xe2a7dcabfb1c2028e032143597e1e1dcd133d265da17d09536242f473eede4f0
13 Jan 2025 02:23:59 GMT,0.5,1627.0221,0xc7b65eeeda98ed0131fff3abe3178d4d00fa3cf2,0xc7b65eeeda98ed0131fff3abe3178d4d00fa3cf2,0xe95cd1857e88d8219bfc3d4b0c095bac3e08d8263c8d2e7c7213617b23fb0a0e
13 Jan 2025 01:41:59 GMT,0.018,58.9182966,0xb101a90f179d8ee815bdb0c8315d4c28f8fa5b99,0xb101a90f179d8ee815bdb0c8315d4c28f8fa5b99,0xf3a6f03af39d0bbb93ee5e383b13aa3b4c9daabaeb1751aebba882ccfbaf131e
13 Jan 2025 01:32:23 GMT,0.028,92.20603671048,0x9f82231ea800a037bfd7d7abeda232d5e6c9b4cf,0x9f82231ea800a037bfd7d7abeda232d5e6c9b4cf,0xe126f189ed4ff66c7578aa760b270dd5ade401f23477c224ddaa250ced83e708
13 Jan 2025 01:19:47 GMT,0.57,1877.0514616062,0xfcb3dd9eed641d314524566816ca5cfa6266121d,0xfcb3dd9eed641d314524566816ca5cfa6266121d,0xc6e91e7726c72fa4243743d27abb18fdd4d13828dc4991d1addb3092688ff516
13 Jan 2025 01:09:11 GMT,0.35,1152.575458881,0x53e20298a6106fbf9acd333d058f4a13d4e5fe87,0x53e20298a6106fbf9acd333d058f4a13d4e5fe87,0x2437fe8cbe22302c7ba271c8055a3af8ff98365341629bab2bac81174334f1d7
13 Jan 2025 00:49:23 GMT,0.05,165.53,0x155313380382a1cd6a6b7eac0c1024c411ee301b,0x155313380382a1cd6a6b7eac0c1024c411ee301b,0xc9c4d7905cf4c991599b0cccfb5fea4cb4e1eedff257e43ec0b4d72ac1e81f76
12 Jan 2025 23:44:11 GMT,1,3263.435356,0xb983e4ffd7a4a7b5459709f9b51331d3a6e0de40,0xb983e4ffd7a4a7b5459709f9b51331d3a6e0de40,0xa47b5465e73560f28f43e2df905bf12ae56e38dd5e4a9fa0dcdf7d19cc5aa232
12 Jan 2025 23:28:11 GMT,0.5,1622.85283666,0x34cc6f0e12985754c272dd43a264f8d377832b7f,0x34cc6f0e12985754c272dd43a264f8d377832b7f,0xb1c079262c01e8680aeb7df5b145a297e2a7ed5bd5a338f919c7fb78627c5f40
12 Jan 2025 23:25:23 GMT,0.39,1265.8252125948,0x2c9d9677ae51a79f3a4c99c0aefcac3f7a0f7065,0x2c9d9677ae51a79f3a4c99c0aefcac3f7a0f7065,0xeeb4b7c7d5c57211a16c34fc4b0adc28e628c9a18bba877c59bff8d5e618e679
12 Jan 2025 23:22:11 GMT,0.1,324.570567332,0x2c9d9677ae51a79f3a4c99c0aefcac3f7a0f7065,0x2c9d9677ae51a79f3a4c99c0aefcac3f7a0f7065,0xcfff6b4acf65a2ecc14599f53ae041bcfac2113058ba71474cac5a21e9923b89
12 Jan 2025 22:59:23 GMT,0.42,1360.5597873798,0xfbe00fa16dbc601b92292ec87eb827189f471796,0xfbe00fa16dbc601b92292ec87eb827189f471796,0x8a5cb7f2c56023047ad85d1604b0475a9617d637afe629fb66ef359ace2e20b7
12 Jan 2025 22:37:35 GMT,15,48591.42097785,0x7871cb0478cdaba34df7c09b101855af89c080b5,0x7871cb0478cdaba34df7c09b101855af89c080b5,0xf8824e1faf75a8e5fad554715aedbc25898220dbd99c702fcc41596ff77b3de1
12 Jan 2025 21:49:23 GMT,0.125,409.1875,0x03959b2c4f8e3b80cb8c2126b49fede6d2808b49,0x03959b2c4f8e3b80cb8c2126b49fede6d2808b49,0x80bd37f6076cb6adf8e36ac5250e3c25e07bdaf165425d560194299c34065923
12 Jan 2025 21:36:11 GMT,0.08,261.88,0x9c583744e21da5ee71d9a24e340e78d92701335c,0x9c583744e21da5ee71d9a24e340e78d92701335c,0x65a54066fbf31d19294f99474b19fdaaf4a71ca1a6538e74f3bf0a91629fd7c6
12 Jan 2025 21:19:11 GMT,0.031,101.4785,0x048c1edc9d0d0b3882a9a34f9d04f7d171262b56,0x048c1edc9d0d0b3882a9a34f9d04f7d171262b56,0xe9d6bc85dcd91a0e80bd05e8fb842f10a1383cc56c757a9e25bd7b3ffbb59502
12 Jan 2025 20:55:23 GMT,0.5,1642.5545115,0x34cc6f0e12985754c272dd43a264f8d377832b7f,0x34cc6f0e12985754c272dd43a264f8d377832b7f,0x8ed6c8685751dca9ec55a9b4ac7747c1882a01e11d1b817b2a9d46274e36b56e
12 Jan 2025 20:47:59 GMT,2,6570.218046,0x345a812163ca221cc75095d2e8bddd95aa29aecb,0x345a812163ca221cc75095d2e8bddd95aa29aecb,0x1816ec5b9f573c892f96350edde8383fd5e23f3fb3f44c8e4a515ccc5e7c735d
12 Jan 2025 20:35:47 GMT,30,98553.27069,0xf219bf96b7a5a012a2c9f4c15bee96cdf8f4d58d,0xf219bf96b7a5a012a2c9f4c15bee96cdf8f4d58d,0xcda8cb0f675c6905a7e9f42b80931617c1bd4a2112a896e2e4bbe111c07b7008
12 Jan 2025 20:11:23 GMT,0.31,1016.9936560731,0x07aabf0457bc4205bf7d1bb0268d45db70b1fa4f,0x07aabf0457bc4205bf7d1bb0268d45db70b1fa4f,0xdf1f089f095da713a26fa0fdc269afd7fba81e852493069a85e2cab99c93c1c1
12 Jan 2025 18:40:23 GMT,0.03,98.8198797066,0x29ade4a7e6ebf34cbd66f67bf66b65f127257faf,0x29ade4a7e6ebf34cbd66f67bf66b65f127257faf,0xf774d2c347f17d3ff28e3ae52f5c2f2de2c23b5fd7dbce20a189c3a999754860
12 Jan 2025 17:26:47 GMT,0.01,32.8693,0x51b052c9200a86e9417d24d0382527b49431a2b5,0x51b052c9200a86e9417d24d0382527b49431a2b5,0xd873afcc07a2f3d069e11321bfb5b8824a43f1572f4c2ebe5a001f38b344b826
12 Jan 2025 17:04:11 GMT,1.2,3924.438655272,0xa28b3e566b1701b3b6f4a3ad1f3d367673b304ff,0xa28b3e566b1701b3b6f4a3ad1f3d367673b304ff,0xfc5a07282fd701d6f05f972865c587a2a0c93b8ca58870ffccc622bcd3057f5b
12 Jan 2025 16:57:23 GMT,0.54,1765.9973948724,0x7e7f1a339340431b8046873fe9c564f0c0ba0563,0x7e7f1a339340431b8046873fe9c564f0c0ba0563,0x00912ead74d451d76f71232799ff3ffaa7bc3ba3005fdaf079092ebd726da191
12 Jan 2025 16:40:35 GMT,0.0304,99.419112600224,0xef64a19ea3c40b42f1baa906eaa98a66eeba65bd,0xef64a19ea3c40b42f1baa906eaa98a66eeba65bd,0x08a06011fff56fb784953bae198771bf0ebe7c80498a3a5cc5d328a1154f6a61
12 Jan 2025 16:22:35 GMT,6.66,21780.6345367596,0x676ca6b90094630873d87dbebc45785f16c5200d,0x676ca6b90094630873d87dbebc45785f16c5200d,0xcf4e4f6061bf1e8da4b018b64d0378b7b2fb4855cf6889e8fce98adace3c6046
12 Jan 2025 15:52:59 GMT,3,9852.81,0xd046ca10c6e60645c119c60571b241336cddd1b2,0xd046ca10c6e60645c119c60571b241336cddd1b2,0xdf9a00834fe4fb4cf3e20fff79567fba96f3b2531c74f0d1f266fb56be94b4b0
12 Jan 2025 15:48:59 GMT,0.088,289.01576,0xe56e77c0e36dbf4391474dec8ad852543c504389,0xe56e77c0e36dbf4391474dec8ad852543c504389,0xc026e5a01f33d8c3c0458a1ed711bdcb6a7bd6add8809c877cd794f9c1325791
12 Jan 2025 15:48:11 GMT,0.1,328.427,0x35a21f7c053aed0dcf9e24bfb100aca163aeddb2,0x35a21f7c053aed0dcf9e24bfb100aca163aeddb2,0xf985b04f6da558979bf4c141558136f3742e57ff7e0784d5d1c0781625380492
12 Jan 2025 15:23:47 GMT,0.06,197.0562,0x182ab9a1ae397f207c36054e29b5d7cf8574811d,0x182ab9a1ae397f207c36054e29b5d7cf8574811d,0x79dafc1fd76e3eb1d732c3a180c9308e50fbbc08d1b719990e0b9c1c5d98bc3c
12 Jan 2025 13:04:11 GMT,0.015,48.82287049695,0x0d6cf6430231c8931e24c9b5c7f02cfaa82d2405,0x0d6cf6430231c8931e24c9b5c7f02cfaa82d2405,0x9d45c4f256addb427ff62c1aa15b1a113e2ab26cf1d4ad0ad74e034d8c058288
12 Jan 2025 12:32:59 GMT,1.95,6346.9731646035,0x3767390c01e1c967295a0e3b8dd4835c45db1a15,0x3767390c01e1c967295a0e3b8dd4835c45db1a15,0x0e44c1977dae03b0a7f6e3ae0351df7549ed328cbd67280184f11f194a489486
12 Jan 2025 11:58:11 GMT,0.38,1234.2476,0xd31aeeb02e91501c558355249472d62e620dedf0,0xd31aeeb02e91501c558355249472d62e620dedf0,0x4e1167d2bb61ea41c2ba4ad10e652ea87d0bf89241ef97acb4a0b324d4f7341f
12 Jan 2025 10:56:11 GMT,0.95,3074.352,0xc2edf5e859dd5b16fd8ed6ec6a7bfd0ddfae786d,0xc2edf5e859dd5b16fd8ed6ec6a7bfd0ddfae786d,0xf36d8d36fbcf3c36340e1de5aa68d473dc0f6e5857b23138db75dfcdd1f31ee3
12 Jan 2025 10:40:11 GMT,0.031,100.32096,0x2db73434e876052a595a8360e205adae9dd0b3cd,0x2db73434e876052a595a8360e205adae9dd0b3cd,0x6e6d3feb0a29424b443b88975351b4ba0583fdd164c802817feda035951297d2
12 Jan 2025 09:33:47 GMT,0.5,1614.99388052,0x2798278c7632a84196bc284ea1dba59dce433259,0x2798278c7632a84196bc284ea1dba59dce433259,0x76fdc1a51513ab884f288f7f13de9218f1ab0e74fe505df7159fbfca40580551
12 Jan 2025 07:03:35 GMT,1.5,4915.9410438,0x6ffba32d20cc7c1c924fc478b4c5e11da091f983,0x6ffba32d20cc7c1c924fc478b4c5e11da091f983,0xb1ba0cb43ee76f3e18ec2f11bf9bdb9714d36811d426be11adf079cf37ab4814
12 Jan 2025 05:00:59 GMT,0.16,525.1965618864,0xb2f653f4225885519b65105ec20024fb64698607,0xb2f653f4225885519b65105ec20024fb64698607,0x1eb05cbf04bcbb45720ceb868a4d5490e8aa2cbad753f794b9e5caec6380e3b2
12 Jan 2025 03:55:23 GMT,0.444,1458.87982845804,0xc3c99c72aeb547b0f9988b14b2e88eefa5a7b16b,0xc3c99c72aeb547b0f9988b14b2e88eefa5a7b16b,0xcdac73f76f2121a99f2e874c24d4663873c447540a3c08704dde39227b880f2f
12 Jan 2025 02:58:23 GMT,0.98,3216.3374379794,0x64c9b0cad489680c858a84039b195dceb8e4f983,0x64c9b0cad489680c858a84039b195dceb8e4f983,0x3849a74f267b299841e3bb81d990edd2009dd33d480d2bef1468a25e1bff5b4c
12 Jan 2025 00:37:35 GMT,0.153,501.89507618571,0xef04f5877f90d1d49ac574d0135e309cbbb11354,0xef04f5877f90d1d49ac574d0135e309cbbb11354,0xcdfbc2b7bd83b191bbadd364a6a3b3fdcee7b0010eb1ed2747f2ac1c12fcd7e8
12 Jan 2025 00:32:11 GMT,0.07,229.6251982549,0xbd5e6732b884856f84420f367c73137f1c2cf158,0xbd5e6732b884856f84420f367c73137f1c2cf158,0xe4a0f41acc4fbd48241a406fade96ba50307975323c7faf06e72eadce93dd54f
11 Jan 2025 23:54:23 GMT,0.05,164.38604405,0x05053d4b2f761a72f1200d831145d29a18715161,0x05053d4b2f761a72f1200d831145d29a18715161,0x8ff9140dd06a9725395342af798d315e8c9564a58aa88e6e582884a60d82bd1b
11 Jan 2025 22:36:11 GMT,0.39,1286.1234117732,0x6d95a4341ff6321af10983edd40d6a333f636258,0x6d95a4341ff6321af10983edd40d6a333f636258,0x27f5802ae752542e0c428286f61c20f58516d91f18b6e675a1dba4205a7c0c0e
11 Jan 2025 22:07:59 GMT,0.28,926.4164,0xe2cf17250648edcb39651eb897f3a4eb245636b5,0xe2cf17250648edcb39651eb897f3a4eb245636b5,0xcb221f5b9241ab8518a1f2f7699fc4550b9529fb5609cdb2fdf56ede62ae9104
11 Jan 2025 21:44:11 GMT,7.8,25807.314,0x8c1c17646ad66f5d7f2fabf094f30405f7348bb4,0x8c1c17646ad66f5d7f2fabf094f30405f7348bb4,0x40c06dc6171c13c069b11a633cc0d8a90107bb542a8c35d293b67160cc7cbb4f
11 Jan 2025 21:42:35 GMT,1,3308.63,0xf5a43c42e8a1bc0cb0261bda36033eb40d5b9053,0xf5a43c42e8a1bc0cb0261bda36033eb40d5b9053,0x9848bd7904dd049cbe50ffb9b8703a68cf9cc90177e7a19b517aec4a14278a4a
11 Jan 2025 21:40:23 GMT,1,3308.63,0x1d0a356cd83ea680dd99f4a43a23aa41724dc3db,0x1d0a356cd83ea680dd99f4a43a23aa41724dc3db,0x2193a47750907df3353d1490db4e4c78414ece663ee2588fd4301733b26dd991
11 Jan 2025 21:24:47 GMT,0.82,2713.0766,0x6a0a5eecc9de63bf0b466062c8f14ba9dbe0813f,0x6a0a5eecc9de63bf0b466062c8f14ba9dbe0813f,0x08a94b7f4ca2d158b3fb6c23157a8fea72eeee8cd048d3f73b21e58c8e01b44b
11 Jan 2025 21:22:47 GMT,0.25,827.1575,0xf5a43c42e8a1bc0cb0261bda36033eb40d5b9053,0xf5a43c42e8a1bc0cb0261bda36033eb40d5b9053,0x86392d7d174d4a3318d54d229ff1d06ab249e8aa8e799ff1ea2217483711d6bd
11 Jan 2025 20:09:11 GMT,1.15,3768.714764295,0x0f8a515c02d13ef6e6a9f9d3c9d6802389664906,0x0f8a515c02d13ef6e6a9f9d3c9d6802389664906,0x6b95b0a48a7c5ddb95cedd7861ced36ebe11e5afa4580871197f4bb66061f392
11 Jan 2025 19:53:47 GMT,0.023905297287725692,78.341084202706986193,0xa152110f515ab560e2af77c44ae833c30a10c185,0xa152110f515ab560e2af77c44ae833c30a10c185,0x3dd9312cd3dcc949806c5518edcac18921e4ba2a1db71e63b5581240da4c5635
11 Jan 2025 19:39:59 GMT,0.4,1310.85730932,0x98d21924713d7524e8b0f882527ab0a26c6ac2ac,0x98d21924713d7524e8b0f882527ab0a26c6ac2ac,0x113b5360bef7b3174f95a9c5fc2fdae25598a2ca29ad93cc82c3f0e3d0279c27
11 Jan 2025 19:24:47 GMT,0.615,2015.4431130795,0x333ded79447c08ff6cd434c1d056bcb7fd3d37cb,0x333ded79447c08ff6cd434c1d056bcb7fd3d37cb,0x19440b6546c0e377dfd412cbd2f2321715674b9206fcdd09609a308a8c16f7b7
11 Jan 2025 18:26:47 GMT,0.01,32.758513,0xba62710cd36b5f801f9717af89055eccaf261045,0xba62710cd36b5f801f9717af89055eccaf261045,0x626aa71173d367419e603328ba39a835287a6e3a9eca66b886236bbd0a1d65fb
11 Jan 2025 18:00:35 GMT,0.1,325.876245003,0xfe4a7cb9c11f090b74811e8620f15cdf806b647b,0xfe4a7cb9c11f090b74811e8620f15cdf806b647b,0xd420ab9f55f9f21802bc5b21000a74def03d6a427a7bca3c9393ba3fadb52d19
11 Jan 2025 17:42:47 GMT,0.0245,79.839680025735,0x6dc0bb0c3173de8f116396bba93f42f381464087,0x6dc0bb0c3173de8f116396bba93f42f381464087,0x3f4b19a926505d077c11e917cd30b4cf398ac84ef4a6e0fe3058bc650b36c4a1
11 Jan 2025 17:41:59 GMT,1.7,5539.896165051,0xdc1eeb34334492503509dd2102195567d9557244,0xdc1eeb34334492503509dd2102195567d9557244,0xd9861656e2e2fd905cb06209167dcbecdc50a14be9d4a6b6398130c3ece3c985
11 Jan 2025 17:20:47 GMT,0.01,32.5876245003,0x961d4191965c49537c88f764d88318872ce405be,0x961d4191965c49537c88f764d88318872ce405be,0xa63b63f63aeb0c29e24e0f612f51862183bec2ec583cd7491a6d07a64849f28e
11 Jan 2025 17:14:23 GMT,0.04,131.0136,0xba62710cd36b5f801f9717af89055eccaf261045,0xba62710cd36b5f801f9717af89055eccaf261045,0x4dd36dd895c381dabe4376c156bbce68affe9364fe368b9dc2b47cd817a9ec5e
11 Jan 2025 17:12:11 GMT,0.92,3013.3128,0xb80f02061556cfc283547f371bb52ca9dfacfc1a,0xb80f02061556cfc283547f371bb52ca9dfacfc1a,0x1c5ed534817a6ab8ac4f83f98524a6f42c7a887599f550873355f677dc352ef7
11 Jan 2025 17:08:35 GMT,0.04,131.0136,0x12539eb5b603ebb895e14e0e26f5c8e89550c3c1,0x12539eb5b603ebb895e14e0e26f5c8e89550c3c1,0x1778d854ca50e1b88a32e77e776c1bec72b8cff1bb6673f12f5cee67706810b6
11 Jan 2025 17:03:23 GMT,3.1,10153.554,0xb4291d4be640b4cae3b644a22ae6d9e265a9c3f0,0xb4291d4be640b4cae3b644a22ae6d9e265a9c3f0,0x76ac6a84c626a4e1241bfcad1b91ad92a40a46ee6c6bb0eafb5e0f672093a727
11 Jan 2025 16:57:11 GMT,0.07,229.2738,0x3882426f3d374ac7f6f18eb8197d7a63379e6da4,0x3882426f3d374ac7f6f18eb8197d7a63379e6da4,0x065f1525f643c466cdd5da96f8bac5415b0a096b65622c8db88141c89ecf0344
11 Jan 2025 16:07:35 GMT,0.05377,175.7648654392163,0xd44ea16caf3c75cd03941286331fb09dda6d2ec5,0xd44ea16caf3c75cd03941286331fb09dda6d2ec5,0xb64fa5111edf75a4f4f56b55bd63f26c0fec1343e556f153c77fa0b4164fb109
11 Jan 2025 16:04:59 GMT,0.05377,175.7648654392163,0xd44ea16caf3c75cd03941286331fb09dda6d2ec5,0xd44ea16caf3c75cd03941286331fb09dda6d2ec5,0x83249e4d4fb67e51b1e5f80279b844355228ade47ef9ac36a0b26e5979d4b4fb
11 Jan 2025 15:59:23 GMT,0.222,725.67974944218,0xc3c99c72aeb547b0f9988b14b2e88eefa5a7b16b,0xc3c99c72aeb547b0f9988b14b2e88eefa5a7b16b,0x7739970bb2377a9ea0ae037021f929a94d31713bdce12b999cef94a984930450
11 Jan 2025 15:53:35 GMT,0.059,192.86083431121,0xd6cc4c58093c8d6dfc085cbe28e7f1a192293c49,0xd6cc4c58093c8d6dfc085cbe28e7f1a192293c49,0x387a1b3d324fb3de8bcf082d6e25a60ba0ebb2d0fc9ec671cf7368c9c16b50a7
11 Jan 2025 15:49:59 GMT,0.035,114.40896950665,0x0865ca37b824d26ecc30f98d5d5196cd766f35ca,0x0865ca37b824d26ecc30f98d5d5196cd766f35ca,0x39edbc5fb0426443159ad3ff372a8146932a485a0265600b11f9d11a7dbdafa7
11 Jan 2025 15:23:11 GMT,0.07,229.2101,0xea9043721c8f1d6c8f79ce69d99056667d41a406,0xea9043721c8f1d6c8f79ce69d99056667d41a406,0x5f858943cade39afa58faedb76f608966de90209a2abcefd287b4b879dd71780
11 Jan 2025 11:55:35 GMT,0.31,1013.757102,0x6546c9e88cc16051e09014f8dff11737a1977a50,0x6546c9e88cc16051e09014f8dff11737a1977a50,0x75cb1a4d40f52f6f0d2b8ce4ff4a3564effce25d01e9acb84b45437ab2382893
11 Jan 2025 10:25:59 GMT,0.1234,400.063851992404,0xf733ab0f071a0a64817f9fb36a00c0fb308e4649,0xf733ab0f071a0a64817f9fb36a00c0fb308e4649,0xb875b88a1f39308edcb417550fe0fe015fb79f20592295be557b4c10afea6f1e
11 Jan 2025 09:22:47 GMT,0.27,870.91380306,0x5e58deee8abcf0ff474a3172874c9a8b935af11a,0x5e58deee8abcf0ff474a3172874c9a8b935af11a,0xc6be20f7b17973b8488c8abfaa178302271fea1b174288359872de1910650c25
11 Jan 2025 09:14:59 GMT,0.012,38.707280136,0x4d00af255c2886da69287c6fadf059ac874e1933,0x4d00af255c2886da69287c6fadf059ac874e1933,0x6ceb342e59da51cf1b359113a94b656b646842cd690ef72722add19ef98c6ff7
11 Jan 2025 08:12:23 GMT,1,3234.41947141,0xbdf33753196be875e4db06ab9592c0d6738bb6e7,0xbdf33753196be875e4db06ab9592c0d6738bb6e7,0x7ec36f394fba4577d67a447dc7c2771cdc6365222f27f28d147e2ee81a0ef723
11 Jan 2025 08:11:35 GMT,0.2,646.883894282,0x98d21924713d7524e8b0f882527ab0a26c6ac2ac,0x98d21924713d7524e8b0f882527ab0a26c6ac2ac,0xef218e0a9c1a6092da7805d47c26ae1a119939a87503044b7ca675c7fca9b45f
11 Jan 2025 08:11:23 GMT,0.01,32.3441947141,0x320ce0449307ca4c7521d3acadbbe4843e8d935a,0x320ce0449307ca4c7521d3acadbbe4843e8d935a,0x5163d8e30e8d572dd71e8b1aca7d57d289cb7a2c91bf34371cbdb9e3c48f4808
11 Jan 2025 08:10:47 GMT,0.01,32.3441947141,0xe605840e12c13a3ea40f5580a4d35d027745d54b,0xe605840e12c13a3ea40f5580a4d35d027745d54b,0x7a5b651df2e2aaae14af0991d7d2ff3d9024c406fe75a8af4dddc7cc2c22a7f6
11 Jan 2025 08:10:11 GMT,0.01,32.3441947141,0x27c9362b95cf4de1a4ae6df80aea408188bd6086,0x27c9362b95cf4de1a4ae6df80aea408188bd6086,0x5bb732b2c9577703e7a35f344d1c8ec1756f7810a1dcad96ef113ff7be337b17
11 Jan 2025 08:09:59 GMT,0.01,32.3441947141,0xf5c548c637e28e358da1aed06705a824bcc0f293,0xf5c548c637e28e358da1aed06705a824bcc0f293,0xce851e440e6b532ebadef42fb6a9f893ba8373b139759f0cc7e19f06e784496e
11 Jan 2025 08:08:59 GMT,0.01,32.3441947141,0xb7e99263e381fdeafe70aecd33bab743fd77597e,0xb7e99263e381fdeafe70aecd33bab743fd77597e,0x0c31c34afc23be04960eeee3c9c9fb7ead0a3b248b142a1f6464cb041f0e17ec
11 Jan 2025 07:06:35 GMT,0.38,1233.3054075598,0x4b45d650d0a08b4ce6f5c2e3ad6a6cd9ab29213e,0x4b45d650d0a08b4ce6f5c2e3ad6a6cd9ab29213e,0xe8540c22b10080ae3aca4d6bc65b5a6c2868f310e72fc5e3e805868552b5607e
11 Jan 2025 03:07:23 GMT,0.17,552.135044,0x0192f60d0d98a7617e04a64e2fd5f65907dfc136,0x0192f60d0d98a7617e04a64e2fd5f65907dfc136,0x1f7cf729eebd960dea94b548826c112746289ccbac0d7655e9db26b3261f1f23
11 Jan 2025 00:22:23 GMT,0.31,1014.8005,0x67d5da580278e52a67521b4440f485fe6ded6e16,0x67d5da580278e52a67521b4440f485fe6ded6e16,0xcfd1a2e32c7f32216a5946efc23b2c9655649309bc6d0cd6e22cee4964cb5b21
11 Jan 2025 00:07:35 GMT,0.3,982.065,0x67d5da580278e52a67521b4440f485fe6ded6e16,0x67d5da580278e52a67521b4440f485fe6ded6e16,0xc14d39ed02716c9e73c3f10b6b82a2bba0be5d9806f901d74e6f5d82135db01b
11 Jan 2025 00:01:59 GMT,0.3,982.065,0x67d5da580278e52a67521b4440f485fe6ded6e16,0x67d5da580278e52a67521b4440f485fe6ded6e16,0xd64ae5060565f34933312b08fefe70614a1f24c7a0b45b53537e08391fc30f89
10 Jan 2025 23:19:23 GMT,0.6,1962.189584178,0x070d8d78a3d6afeb3d2bd520c7d35f18a261bfd3,0x070d8d78a3d6afeb3d2bd520c7d35f18a261bfd3,0x6fe0b4eb9447e7aa5cd90f558d6a91af4cb3ad2ac2801c5a9c0d5f5b8284983b
10 Jan 2025 23:03:11 GMT,2,6540.63194726,0x7a0682f3636a89dadbd437fc9a190cf6765b5d54,0x7a0682f3636a89dadbd437fc9a190cf6765b5d54,0x023300aae997bc4fed0f00dab78bff5040d042f4b13531d595fb5500e27e5288
10 Jan 2025 23:00:35 GMT,0.35,1144.6105907705,0x11a52c04ab1fddacc3328d556f07652137deffb5,0x11a52c04ab1fddacc3328d556f07652137deffb5,0x3999596c037e5326f0f85d73cf165ba88f257bf6dc429fb490aff48c4a1276c1
10 Jan 2025 22:47:47 GMT,0.01,32.7031597363,0xa1554727c8e0331b7fcd4abba5e2ac29a986dff0,0xa1554727c8e0331b7fcd4abba5e2ac29a986dff0,0x9bb0427b4b67b909a30a748131258e792b0a05cdb6e6fe43f3b5626571559f3a
10 Jan 2025 22:13:11 GMT,0.1,327.26424,0xdcfd955cfd337651a8f622376da8d677350e557f,0xdcfd955cfd337651a8f622376da8d677350e557f,0x46b41bceac2cb148ec1fd62ea5f792716154a2b36e13c7d8633098b51ee21738
10 Jan 2025 21:58:47 GMT,0.055,179.995332,0x0a19f064f9d8d0037b965c8bea0767a2a20a687c,0x0a19f064f9d8d0037b965c8bea0767a2a20a687c,0x940df7947791d0d21b1bbd4103bae94df3f2781db0446082fc5718e93f89e66b
10 Jan 2025 21:52:11 GMT,0.054,176.7226896,0xbd0884ec46b287427b2652e356dd6edb521a574e,0xbd0884ec46b287427b2652e356dd6edb521a574e,0x74d071b431b5843d2d1d4588d3acfa983a97e567a3a1bb4da3c5eb5a1fb45923
10 Jan 2025 21:47:59 GMT,0.13,425.443512,0x11e027ec933792ae2e27c4037e72a843bbb590e4,0x11e027ec933792ae2e27c4037e72a843bbb590e4,0xc9b097e6c929295d930f83e7aea27e1ff567ccf72d90c28a2dcc1b5208752575
10 Jan 2025 21:29:47 GMT,0.15,490.627717563,0x11e027ec933792ae2e27c4037e72a843bbb590e4,0x11e027ec933792ae2e27c4037e72a843bbb590e4,0x56a12207f7b55fdb3364f13430bcc0fec13e8a9b6c68153ea3743f733e8c86e8
10 Jan 2025 21:25:23 GMT,0.035,114.4798007647,0x6dc0bb0c3173de8f116396bba93f42f381464087,0x6dc0bb0c3173de8f116396bba93f42f381464087,0xee4732a0aff307724782d685809b8d0ec7451e0ddbd787c5582d18563c533aeb
10 Jan 2025 21:17:23 GMT,0.25,817.712862605,0xf3eddc402f9c82bb8133a5f8999a09564e6cf409,0xf3eddc402f9c82bb8133a5f8999a09564e6cf409,0xcd797f0943f7cee23ffc68529d5f395e3d614856c944388cf83e2ee300e463ac
10 Jan 2025 21:13:59 GMT,0.108,353.25195664536,0x39953035cd37a1c83675b3a52490551c5016f137,0x39953035cd37a1c83675b3a52490551c5016f137,0xe8e317baa0f92d2eab84b13204a4e7ffed37735f5159d63d8425b9ccc0881751
10 Jan 2025 20:58:59 GMT,2,6541.70290084,0xa5210ca85be12d60b543281d6a6da0b83f48e6db,0xa5210ca85be12d60b543281d6a6da0b83f48e6db,0x441311d18b8107a3c8214da34d6975e52cdfd9c51f097a55d0e921b45326c9f4
10 Jan 2025 20:57:35 GMT,2.3,7522.958335966,0xdc1eeb34334492503509dd2102195567d9557244,0xdc1eeb34334492503509dd2102195567d9557244,0xe2565046fb262ceccc3f3b3c02635088a02a0c9c8a8fd0d52cc42932c2e361a5
10 Jan 2025 20:11:35 GMT,0.5,1644.01,0x0215b1422e1c69d768011a3669bac1d930ede93e,0x0215b1422e1c69d768011a3669bac1d930ede93e,0x7cbb3d8b57bcec17e822ff6261382f6729313a0026e9bef85c33ccb02c57e13f
10 Jan 2025 19:41:11 GMT,0.1,328.802,0x80dc55afde7b043fe78b65438df79fe00dd81be4,0x80dc55afde7b043fe78b65438df79fe00dd81be4,0x12fccede5410ae7e194bda89d96168a1bf99bede7448ccf532023080f4b351ed
10 Jan 2025 19:11:11 GMT,0.1,328.582207408,0x677726c32db136d4fe152406278c96ce44d75cb8,0x677726c32db136d4fe152406278c96ce44d75cb8,0xb81e17f5e11cd908834ade6c60c5a93d5403eea32a4352bd420749740bbd2953
10 Jan 2025 19:08:35 GMT,0.07,230.0075451856,0x3261c8107e27fd3fa0fdfdeb1f60e0f4a572cdc4,0x3261c8107e27fd3fa0fdfdeb1f60e0f4a572cdc4,0xa5d3046b3ee8b93be74c894e686c76b477c4aedd562ded2be1998084d97d1705
10 Jan 2025 18:59:11 GMT,0.9,2957.239866672,0x904db047306df89e36c23589da56d073624d5153,0x904db047306df89e36c23589da56d073624d5153,0xbabf6a524b24d2417e0876a6ebbc728b849146c32de0d8f5e2e010303dcf6d09
10 Jan 2025 18:53:11 GMT,0.069,226.72172311152,0xca5a54fbb34e44b0f91f3110ee66a672d64e2856,0xca5a54fbb34e44b0f91f3110ee66a672d64e2856,0x7cb210d6fdfa04df7b193f79a7d30116633ae5631c2687ce125e4de87f3f80a2
10 Jan 2025 18:52:23 GMT,0.1,328.582207408,0x9e0b890290a444bf5d332f305f11b2b55be233cb,0x9e0b890290a444bf5d332f305f11b2b55be233cb,0xa8ff904c150a7d633fd6307b7e5035ddc5c9c94112f185bba8fca43b379c6a6a
10 Jan 2025 18:49:59 GMT,0.33,1084.3212844464,0xca5a54fbb34e44b0f91f3110ee66a672d64e2856,0xca5a54fbb34e44b0f91f3110ee66a672d64e2856,0x66f0ba26c981d8f9cbf4628f251eeb5d68865d9b51469fbea707229b3bacea06
10 Jan 2025 18:33:59 GMT,0.15,495.4393614975,0xf16e8f1f21dc9293429a3534d1d32c6dd42c9e46,0xf16e8f1f21dc9293429a3534d1d32c6dd42c9e46,0x391c597c400cae7f2fa5b479580be2f6af3113f90c447d70317d008a38daf1b1
10 Jan 2025 17:50:47 GMT,0.1988,653.304463598164,0x1a5be5b18c9c3587e9da9bde08d50175cf5b8451,0x1a5be5b18c9c3587e9da9bde08d50175cf5b8451,0x49725419f385618fec42c717edc7db761b9c8eabd837678837e5e85133982e1c
10 Jan 2025 17:37:47 GMT,0.2,653.292598508,0xf6ada2f00072e92ab258db25bd43713088133ef2,0xf6ada2f00072e92ab258db25bd43713088133ef2,0xfa2d49cfa26231bfde4e90e6547aede98d63e6de7a445753e6d064cdf8f17847
10 Jan 2025 17:33:59 GMT,0.4,1313.4056228,0xf6ada2f00072e92ab258db25bd43713088133ef2,0xf6ada2f00072e92ab258db25bd43713088133ef2,0x1e6aa6073183602e160cc89a31c2b3315a2379bbde445093bf3f03e4ef775ba8
10 Jan 2025 16:22:11 GMT,0.295,958.71060381495,0xfad4c20c7f56467329a13f5bb943258535dde359,0xfad4c20c7f56467329a13f5bb943258535dde359,0x1874077c2250d445bf6ce85edb4e1d8f353f6d9cc6d4209bb8a8ab5b1b6a1a4d
10 Jan 2025 16:19:11 GMT,0.7,2274.906517527,0x01c98c8faeef2ea1276bad3ae49d48d4482081c6,0x01c98c8faeef2ea1276bad3ae49d48d4482081c6,0x26e96fbcffc32fc3ff9afdce5980ef8c9df828bd7ec15dda6425af805706d4a1
10 Jan 2025 16:10:59 GMT,1,3232.9494076,0x01c98c8faeef2ea1276bad3ae49d48d4482081c6,0x01c98c8faeef2ea1276bad3ae49d48d4482081c6,0xce52087fd4457b5182b090d5b21a0b81c53af845c85533492e43122ed95373e9
10 Jan 2025 16:05:47 GMT,0.208,672.4534767808,0xaaa0795593f21606d595406a6e4bb57f59e87404,0xaaa0795593f21606d595406a6e4bb57f59e87404,0xa769de4ba73d6bb6460a7bd08f38705f93890f787f95a10c2dffa40a7f4c6d49
10 Jan 2025 13:56:47 GMT,0.11,356.7091,0x9156939f1bc9bff226f8ad65d7354e9bef530676,0x9156939f1bc9bff226f8ad65d7354e9bef530676,0x49bb9a60cf15fecc661a0c5eb4d7f59b495515180d3734608b63e277c6f9088e
10 Jan 2025 13:56:47 GMT,0.1,324.281,0x605dfc09ff81e3747e1d7841e1c5422c65d85c8f,0x605dfc09ff81e3747e1d7841e1c5422c65d85c8f,0x69caeab38fa31822cf8f98e3909ee2027e3aab57562a073c72b23fec7977b342
10 Jan 2025 07:50:47 GMT,1.5,4953.329367,0x0ba179d5a00310c78c2535138fe08c77ca269424,0x0ba179d5a00310c78c2535138fe08c77ca269424,0x24140d7551737855eceb44558a8b0485582da2818a7ddaa0c7c247dbd9f301a5
10 Jan 2025 05:17:11 GMT,2.82,9178.49988708,0x41ed2996bc1fcf566e794b674c0785521dd95159,0x41ed2996bc1fcf566e794b674c0785521dd95159,0xb41f1aba41009c3b0766c24e870edf96d499502c4ad4dbd053d9e065972685f4
10 Jan 2025 04:06:47 GMT,1,3256.738844,0xdfec60eb7a5174019670aa7f06c7d0bd2047dcab,0xdfec60eb7a5174019670aa7f06c7d0bd2047dcab,0x0647b4ef1a4396cfde438c950c56e3881847e7cf9869fceb4e83690ffb67e498
09 Jan 2025 23:44:35 GMT,0.4033,1296.899868317135,0x9887fdc68a73dc59a76de10a062bd5ee49d202eb,0x9887fdc68a73dc59a76de10a062bd5ee49d202eb,0x01fb020c91d47606215d5c55996d596796992a696d9240336867ad98c0e9eb18
09 Jan 2025 23:01:35 GMT,0.1,323.3281856,0xc40ab7dfdd8423d653232a8f55c762586ba4fa3a,0xc40ab7dfdd8423d653232a8f55c762586ba4fa3a,0x601d563fb5752d986f79fb2a474b445fec227f76641818efdbe804f35d13dbab
09 Jan 2025 21:46:47 GMT,0.078,250.8662988,0x3af45622d067c91965431ee035a5b46516e08e8e,0x3af45622d067c91965431ee035a5b46516e08e8e,0xc441069a2bbf74f64aa9d79955b5a30895f9febf218ab53f8e906b4739b86452
09 Jan 2025 20:57:59 GMT,1.5,4799.8437,0xdc1eeb34334492503509dd2102195567d9557244,0xdc1eeb34334492503509dd2102195567d9557244,0x32afa905eb4536663296b5784400815cb583f3cebbc37ca26a1ea12325f0e0d8
09 Jan 2025 19:21:47 GMT,0.11,358.2396677156,0x98824614fbc65f06667f4bd7131b194f20eb8f3f,0x98824614fbc65f06667f4bd7131b194f20eb8f3f,0xafcbd75ada329e4304b49f6df5beeead6e3d36c5a25babebe549e3e4cdd21953
09 Jan 2025 16:38:11 GMT,0.032,105.5837338944,0x5d3bd544a3452e2820905fea34b7c49ba81b0fa1,0x5d3bd544a3452e2820905fea34b7c49ba81b0fa1,0xdcf6326240c1e6381057f61203eca2cbe211b1756fb1726ae66a0cb6be03b6f5
09 Jan 2025 15:36:23 GMT,0.1,330.011,0x8f7b9676ba0b3e3e6d7d4788d7474b6fa654e759,0x8f7b9676ba0b3e3e6d7d4788d7474b6fa654e759,0x03cb5fabac873d77f19acdfdb63c57307231544b246a31438a1034004a4587bc
09 Jan 2025 15:12:11 GMT,0.5,1624.17,0xdcba325846b75049697112fc1c929c8db0868ce2,0xdcba325846b75049697112fc1c929c8db0868ce2,0xe63d33afd30406cea9b659fed18700f537ddb9e4afa29dd2302958fd4f930bbb
09 Jan 2025 14:30:59 GMT,0.125,403.485,0x1393ffefdd7a8ebda633f35c62977266a0c51493,0x1393ffefdd7a8ebda633f35c62977266a0c51493,0x46a980b22f24129a41e0b47ce3d3421e9ad00198ecce24c8b302d0e078f71ac3
09 Jan 2025 14:29:47 GMT,0.459,1481.59692,0xfad4c20c7f56467329a13f5bb943258535dde359,0xfad4c20c7f56467329a13f5bb943258535dde359,0xa7293d9ee23a7808dfed70707ee12a02308277a3628ac4ae336f6eeb978118a5
09 Jan 2025 14:17:23 GMT,0.63,2044.3815,0x9cf9807fafd01abc4d8315406000232923aac379,0x9cf9807fafd01abc4d8315406000232923aac379,0x6fa51c1b2e3fa67a84fa998127ea9efb4540364a3901072137eca4ea2b2672cf
09 Jan 2025 14:16:47 GMT,0.175,567.88375,0xc8871cd9420a22f53470360a241c87fede0a6015,0xc8871cd9420a22f53470360a241c87fede0a6015,0xd85835e66178e9ffbf8ef8dcac99926a3849d2c94c7236dd2b101f09ee30c965
09 Jan 2025 14:15:11 GMT,0.165,532.74375,0xcf0670e03db8aa7c8367672cd0cf41cdbd949122,0xcf0670e03db8aa7c8367672cd0cf41cdbd949122,0x23803e3840136bb4efad427a10e9b1514519630d568cfeb22c644d66b521ba13
09 Jan 2025 13:54:11 GMT,0.1,323.184,0x84bb81a55d328c00e609841d804a3f443f948259,0x84bb81a55d328c00e609841d804a3f443f948259,0x574bb7594e98b5dde3f7c9918ccad67bbc6d0dae695eb3fa52408e7642c05aab
09 Jan 2025 12:22:47 GMT,0.31,1024.5376,0x39e39b63ac98b15407abc057155d0fc296c11fe4,0x39e39b63ac98b15407abc057155d0fc296c11fe4,0xff4ab7b035207a358fca0d037683881ece4a4be94106b820f47b66e7c35f5db9
09 Jan 2025 11:42:47 GMT,0.74,2445.6704,0xca434271fee2a220d9697e73bcefade56ec3733c,0xca434271fee2a220d9697e73bcefade56ec3733c,0xf8218ee12a407fbd0c6ef6c7f60b609b6ac22a73d59dd96f74b237942a34b0a5
09 Jan 2025 11:16:47 GMT,0.54,1784.4624,0x4727fadb5f33906af58b902a34c522b29669b47c,0x4727fadb5f33906af58b902a34c522b29669b47c,0xc828d1ad9bd6e2a7797950f26ed4555da937d4fe09c3b05c0d56a0d0a9655054
09 Jan 2025 11:03:59 GMT,0.7,2313.192,0xca434271fee2a220d9697e73bcefade56ec3733c,0xca434271fee2a220d9697e73bcefade56ec3733c,0xc0a6294b8209160faff6b63b5a7b224d704c28b4c130f02407172c75f3f5a3e7
09 Jan 2025 10:54:59 GMT,0.062,204.88272,0x0f1796c43e536c252b654a787d930673b8a5fd55,0x0f1796c43e536c252b654a787d930673b8a5fd55,0x7f2c0505ae5ae1604f1808649e97d6182a821a92b709dd562d360ed6df2dfd91
09 Jan 2025 10:52:23 GMT,0.272,898.84032,0xb8d9867194391b72d466a50bc44d2646e2c8dee4,0xb8d9867194391b72d466a50bc44d2646e2c8dee4,0x14ab48d68737a4b8a8b3ecb21ec02d10982bdaf3e1c3499b786ed886903ca29a
09 Jan 2025 10:46:47 GMT,0.058,191.66448,0x4dc7f35400c498d7611a74c94b5f299fb30411fe,0x4dc7f35400c498d7611a74c94b5f299fb30411fe,0xc854e448051794f95319c62e74c25c7fce363e270ba353cb5a394b947ea8ecbd
09 Jan 2025 08:23:11 GMT,0.26,854.8767858748,0x8890431fd7f96f812ebfa83b3a5f51fe569817f8,0x8890431fd7f96f812ebfa83b3a5f51fe569817f8,0x33c02d37211572c9868ff392f9f64f7c140b2637ea196c238ed25810248614e7
09 Jan 2025 08:20:23 GMT,0.3,986.396291394,0x76a7d07f768284a5f50e062dd330ecb86ccea4f4,0x76a7d07f768284a5f50e062dd330ecb86ccea4f4,0x0c3d575752fc273d90b57c01204a1cf5c444302d1125fcebd46755919d27f3ae
09 Jan 2025 06:54:11 GMT,0.015,49.828341,0x257fb3093e2e502b98fd4250695addf0e1b4dbdd,0x257fb3093e2e502b98fd4250695addf0e1b4dbdd,0x413945462d1eb642709e853de5fb2fa60b2369b3288e14962a334ec92f8685c0
09 Jan 2025 05:47:23 GMT,0.013,43.24801,0x53e20298a6106fbf9acd333d058f4a13d4e5fe87,0x53e20298a6106fbf9acd333d058f4a13d4e5fe87,0x3d3ed1a780f5b4d5f7000bcaa52125945ae76d8eb8ad333142041a32277b9382
09 Jan 2025 05:17:23 GMT,0.3,999.2458038,0x0685169840db9fb77fcebf027d70ed600c0b3cf0,0x0685169840db9fb77fcebf027d70ed600c0b3cf0,0x3ca71ec6eeae1c3aeec81908eb4070bd832ad6f898ae8e0801b68daa0fe11b1d
09 Jan 2025 04:58:23 GMT,0.030181,100.527458681626,0x53e20298a6106fbf9acd333d058f4a13d4e5fe87,0x53e20298a6106fbf9acd333d058f4a13d4e5fe87,0xcf4c5b4c6fa4821c95396a02471022b00087cee76615497f1b3766bd0b3ca12a
09 Jan 2025 04:49:59 GMT,0.145,482.96880517,0xe97a86ed7be12477d37cabd0b46b5dd1b8049891,0xe97a86ed7be12477d37cabd0b46b5dd1b8049891,0xf8440e0852d77588737ce63d1cd5aa78b0c3facd26f16f3b45e735cd1ebef2b9
09 Jan 2025 04:26:23 GMT,0.65,2153.612855537,0xd72dbe658f087463d80047b18ed7a02c64abe104,0xd72dbe658f087463d80047b18ed7a02c64abe104,0xf042d405e181dd377ff16f42e187105cca05bd49125de732d12acb71515e9405
09 Jan 2025 04:25:47 GMT,0.031,102.71076695638,0xa4595fa3c74452dda35d4beba36deee252d6fef6,0xa4595fa3c74452dda35d4beba36deee252d6fef6,0x8551bb1462a6d58fb54e2d9017ff984a7abee2ca94f9b3143c15eb292f711a74
09 Jan 2025 02:37:11 GMT,1.5,4996.74,0xcec08941dcfcc6df840727f37febaa40017982c0,0xcec08941dcfcc6df840727f37febaa40017982c0,0xd33d575d42f4e5c8229e1103e08bba89983025f3df029bbfa3281e911827f654
09 Jan 2025 01:00:11 GMT,0.1,334.22685,0xeccf63e6577d8c75184c3bd368c28e030eff531a,0xeccf63e6577d8c75184c3bd368c28e030eff531a,0xf88074e237535aa747e94d1d9b6a43ed18cc6eed0c22f9381fc0b70179de02c6
09 Jan 2025 00:11:35 GMT,0.5,1664.86600844,0x9224bbb4e0fbe2f2f8fab55debc41eb21fdfb804,0x9224bbb4e0fbe2f2f8fab55debc41eb21fdfb804,0xde1e48bc264168386b3b94e883164d23c5586a4e8a9fb5f52ee65410cbb3bb1f
08 Jan 2025 23:09:11 GMT,0.24,799.1553491496,0xb8d9867194391b72d466a50bc44d2646e2c8dee4,0xb8d9867194391b72d466a50bc44d2646e2c8dee4,0x04a475226e477d9c5313d95a37ab3b050dc786221278a06328fc0b8651b36af7
08 Jan 2025 21:30:23 GMT,0.1,327.99814,0xea7f5d6514d38c2e3cf797ea956bfda1f87d98cc,0xea7f5d6514d38c2e3cf797ea956bfda1f87d98cc,0xae6f8c5ead00fdd59acf4802bb0be1bbc232c74afb4ef37245d3e3234f80e33a
08 Jan 2025 21:09:35 GMT,1,3279.9814,0x3eb8e4fe88f9e6f7f7fc3efc1ca16e69a53adc52,0x3eb8e4fe88f9e6f7f7fc3efc1ca16e69a53adc52,0x3a2136e762beee9f3b5ab98bdabd56ba8411cedfbad85aaf3758af3f1906e6ae
08 Jan 2025 19:51:35 GMT,1,3280.6884,0xdcba325846b75049697112fc1c929c8db0868ce2,0xdcba325846b75049697112fc1c929c8db0868ce2,0x802145835954e7a0d603c4aad7af4233269cec73366fe6d061b560b80fdc9138
08 Jan 2025 19:03:59 GMT,0.0485,159.10679625,0xfafca32be54adb805771bc3f877b92311f4d00cc,0xfafca32be54adb805771bc3f877b92311f4d00cc,0x7ad37a006ade791fa63467b46fb4f31fa3dc91b1a4ee3e1560cee750af6b7647
08 Jan 2025 18:43:47 GMT,0.05,164.809340389,0xf70fa1b8443c620ca7d43a9d17f4bde8b09031cc,0xf70fa1b8443c620ca7d43a9d17f4bde8b09031cc,0x4e9b8f566816ce9f7e50372bb61f123faadcafd3c63993cfa6d406511e4e7541
08 Jan 2025 18:03:47 GMT,1.55,5053.96131,0x0ba179d5a00310c78c2535138fe08c77ca269424,0x0ba179d5a00310c78c2535138fe08c77ca269424,0xd69cac455ff00f7b5a0bbf19039c8c3e3f14a0676b0b4ccb4b457a556c12d0f7
08 Jan 2025 15:24:47 GMT,0.065,217.4692,0x426eb08f3c51914e5c8fb4d605773b1f1c711ea2,0x426eb08f3c51914e5c8fb4d605773b1f1c711ea2,0x72d1a6616395016385606ccc8b7002b09789c6d3ec0d40b2f247f49c513cfb3c
08 Jan 2025 12:14:35 GMT,0.03,100.5378,0xd1674dbaf2996f60dfc9dff2b20c7e28625a80e3,0xd1674dbaf2996f60dfc9dff2b20c7e28625a80e3,0x1d7268e91ecc85febe94921f189be8940157846a41528d7f77ffe462d740777f
08 Jan 2025 12:13:23 GMT,0.03,100.5378,0xe8edf36073ee2c6860dfce3ad5d740940852a89a,0xe8edf36073ee2c6860dfce3ad5d740940852a89a,0x83339556da53ec66814516a7bd1f4df7210fba82f58ae04e35a760cdf8de8959
08 Jan 2025 12:12:47 GMT,0.03,100.5378,0x9d074985688ccab6005d29b26104937a8c5bfd0b,0x9d074985688ccab6005d29b26104937a8c5bfd0b,0xccb745279af48939a9e0fc8dc3f042a5ae77643198dacb523da87e0f798ac55e
08 Jan 2025 12:12:23 GMT,0.03,100.5378,0xd7d66da85eecf08b773cacf6221d83db9377d951,0xd7d66da85eecf08b773cacf6221d83db9377d951,0xdf58459f9f272e704ce57f60e6780192580e6936c034da48a9980a9bbe75d144
08 Jan 2025 11:53:59 GMT,0.1,335.126,0x4442b1f594e6cf47fad51c5ecb3d977f6ec7a66d,0x4442b1f594e6cf47fad51c5ecb3d977f6ec7a66d,0x7306827c9ee13c04ef2abf1058331f2d0fcf150d8bd0c5b2234e55c8f14d4747
08 Jan 2025 11:52:59 GMT,0.05,167.563,0xe7a049dd7a9a6439ae70372d6bb8b815b0c8930f,0xe7a049dd7a9a6439ae70372d6bb8b815b0c8930f,0x8431fea3795cbfd4193d4894b953faa01ea1a397ddc40be7cadc400381992041
08 Jan 2025 05:14:23 GMT,0.026,87.13696099134,0x3301c8d13e46a6dbd646874473198fc41e51f26b,0x3301c8d13e46a6dbd646874473198fc41e51f26b,0xe3c7d33d8ec5651572b9cbe0ebdeba585c1a9d1c705945aa1ad63d779b351342
08 Jan 2025 00:31:59 GMT,0.042,142.99614,0x630bf38f41a8e73e9683faa6f775ad12a12b0589,0x630bf38f41a8e73e9683faa6f775ad12a12b0589,0x496b22cc1dac4c1ea69ef7fef06014d225fb64dcc30a4b12ba6586efef1b45cc
07 Jan 2025 23:30:47 GMT,0.0294,99.535464,0x506d79c7b189ff5d2bcfd7b29d63002e138697fb,0x506d79c7b189ff5d2bcfd7b29d63002e138697fb,0xe98964aef4c663fcebf9f32e47e03554f2e9d61b68dfe4d234d0f8702f3e44bc
07 Jan 2025 22:36:35 GMT,0.0266,90.0989348,0xbd7188e6cd48f2f0849df92a2cd8934117490e7d,0xbd7188e6cd48f2f0849df92a2cd8934117490e7d,0xed07bfc2812c8fdf875e5df606fe9f17f13d84f18e2c39caece0b888294883cb
07 Jan 2025 22:16:23 GMT,0.02,67.3678,0x3c4fbf8908fbb9e0af4d86e7b2ee0fdaef955cad,0x3c4fbf8908fbb9e0af4d86e7b2ee0fdaef955cad,0x4615beb7c91ce6c8e85201d29605779873a345fe46d7be437334607be10c23de
07 Jan 2025 22:00:47 GMT,0.013,43.78907,0xb6d662da023e41a40096e4891f1c6c09e6797dc8,0xb6d662da023e41a40096e4891f1c6c09e6797dc8,0x9f3d6ac0b394a9f1f90b17ba03d9123099d5974913e5203cd8b3c6024c6482f7
07 Jan 2025 21:10:59 GMT,0.15,508.6420690845,0xe630746b3e3674cad2329ecafc8936d7f8e4ea6b,0xe630746b3e3674cad2329ecafc8936d7f8e4ea6b,0x2a67552a5ed7edea71ed6d737b723505ad01740691e8b613bf4be2204308f637
07 Jan 2025 20:59:35 GMT,0.01,33.9094712723,0xa85a6ad34452f0baa70e500bff6c2c7f32cafa58,0xa85a6ad34452f0baa70e500bff6c2c7f32cafa58,0xbf2d2812996f41f3344980a1dab31e2d3ab8643f758912b062e49aa514a2b35e
07 Jan 2025 20:04:11 GMT,0.059,200.00351,0xb5698b29a67c9f6b6e16d414a8103c35017df443,0xb5698b29a67c9f6b6e16d414a8103c35017df443,0xed0da26c4d741b6af0ab8ca1127f6474addd93e34a30260594436aa863cdbcab
07 Jan 2025 17:07:11 GMT,0.015,52.00689572715,0x3bfc97f3ca7a046b5c593c6d75d540d7bc939e38,0x3bfc97f3ca7a046b5c593c6d75d540d7bc939e38,0xa8c55e57fdf70657d9512f75f876f38de1a2fc4a1f6ed09e2729b36658fe5639
07 Jan 2025 15:49:35 GMT,0.133,457.43016111744,0x4b45d650d0a08b4ce6f5c2e3ad6a6cd9ab29213e,0x4b45d650d0a08b4ce6f5c2e3ad6a6cd9ab29213e,0xcadfd217411a0ac0d2fa8e8380d7f3a9f6bbee8a323b44ab5c45e4950a255cc1
07 Jan 2025 14:51:23 GMT,0.166,600.64444,0xfb162d0e8f102fe10c08afd743a82befb4629336,0xfb162d0e8f102fe10c08afd743a82befb4629336,0x79add790a46257b88b2f70c7ad44517884faf8c4965c154904027fbd4dcf72ab
07 Jan 2025 14:10:59 GMT,0.094,341.84131266386,0x5e1593598e0dbdc30630e8806989d63bb57d29a6,0x5e1593598e0dbdc30630e8806989d63bb57d29a6,0x7500121bead90cd4e0bb1197eb44f9ea2ad732ed2e18957f164e8640ecc263f5
07 Jan 2025 13:43:35 GMT,2,7273.21941838,0x149bb4058ed6e652d625c67aff8667c0482021cd,0x149bb4058ed6e652d625c67aff8667c0482021cd,0xe1352ae9c4841d834013bd69545ea2f610f063746f351d4a99156221339fb397
07 Jan 2025 13:06:35 GMT,0.5,1815.487222645,0xc896effc315261a1d5fa5912e6cf6afc8a0973b5,0xc896effc315261a1d5fa5912e6cf6afc8a0973b5,0x7edb068e3ab1f3ba3fdc5a4487a7d73c64749b66e4dbcf4fcddcb7f2fd03ea71
07 Jan 2025 12:31:35 GMT,1,3642.3915,0x3eb8e4fe88f9e6f7f7fc3efc1ca16e69a53adc52,0x3eb8e4fe88f9e6f7f7fc3efc1ca16e69a53adc52,0xfd724f1dd792ba35ca0668198d44ae617f5166ee085d9811936cc432291f4502
07 Jan 2025 12:28:59 GMT,0.04,145.69566,0x630bf38f41a8e73e9683faa6f775ad12a12b0589,0x630bf38f41a8e73e9683faa6f775ad12a12b0589,0xfd27b2ba33b760601128b5319672414d707e2e3e1b1e6f4f75c3079d9cc87fb5
07 Jan 2025 11:53:23 GMT,25,91059.7875,0x69cd3a2b4566a00dbe298f167b4ba3592316e62b,0x69cd3a2b4566a00dbe298f167b4ba3592316e62b,0xe0d84d47b6621ecef7dc119c31141be77889b90b4f8b885f012b2563378b1dad
07 Jan 2025 11:24:11 GMT,0.3,1098.385200681,0x78b281924fe84e6326d3dc6a7d3e504464827b36,0x78b281924fe84e6326d3dc6a7d3e504464827b36,0xfc04b2e1dd06c4a9e8adc6b5ab97acdf3c7d1cff5fdd6014bafcab7b2b4c1b08
07 Jan 2025 10:23:35 GMT,0.269,983.541075494,0x813456d482f35a658527cf5cc6b7352cf804318f,0x813456d482f35a658527cf5cc6b7352cf804318f,0xb8ad30e8844665d6303eaa1ddaa6ffd094249a7a551ac5b518a32fe9e92b8caf
07 Jan 2025 10:15:47 GMT,1,3656.286526,0x6112ccd35667a9067f51c30880964346b9d3af1c,0x6112ccd35667a9067f51c30880964346b9d3af1c,0xdd56477f32d1fcaaad577f3a7f67a9e774afd6bf79cb8f7c890c14c0c723801b
07 Jan 2025 06:55:11 GMT,0.0433,158.955599,0x259fa6f81078ecf3b65423296e662ceccaa779b4,0x259fa6f81078ecf3b65423296e662ceccaa779b4,0x59a147156923e4d826d4dec4e6f4c9683c736f4fab6caaff3232900121c91efc
07 Jan 2025 06:35:35 GMT,0.0383,140.47857074,0x373c4963f05b5074e3e0ca2154a9a8b1bc7acac4,0x373c4963f05b5074e3e0ca2154a9a8b1bc7acac4,0x849d9e42a4b5c5eba6b1ef8d00aa831f503c8460b31bd76b3f7fdbaa38747131
07 Jan 2025 06:31:35 GMT,0.017,62.3534126,0x178f236d0fb094e2f5698da64c3d453f37433dfe,0x178f236d0fb094e2f5698da64c3d453f37433dfe,0xabf80ed8bca98768132ac0ab7debcc818062271400ee985f9a5b19a58c7bf575
07 Jan 2025 03:54:47 GMT,0.09,331.3488203676,0x155313380382a1cd6a6b7eac0c1024c411ee301b,0x155313380382a1cd6a6b7eac0c1024c411ee301b,0x3084fbdf28ea2513d4108a5dc1ec320d65f1710ecbb0a045afd8637953d262e1
07 Jan 2025 02:56:35 GMT,0.04,147.2368,0x12539eb5b603ebb895e14e0e26f5c8e89550c3c1,0x12539eb5b603ebb895e14e0e26f5c8e89550c3c1,0xedc272f0413537a52911c80e6bc62531cf1938bd01430e1dbe3e6afa758181d6
07 Jan 2025 02:39:23 GMT,0.273,1008.97871960886,0x5e58deee8abcf0ff474a3172874c9a8b935af11a,0x5e58deee8abcf0ff474a3172874c9a8b935af11a,0xcbe8ce255d887de6fe91de104db61d5e905ba4edd930b7e83ebefe9b4734bcf3
07 Jan 2025 02:23:23 GMT,0.121,447.20302224422,0xd5daa68b5be80ebdc8ffe435b35dec723421dc41,0xd5daa68b5be80ebdc8ffe435b35dec723421dc41,0x15bb379a4ff4918a0d587142a02ba44eab0aba5626ff316f4a9473ec631b5c05
07 Jan 2025 01:55:11 GMT,0.162,598.73462482284,0x90e8cc88bfffe7e71b824f868db883ec6fafc794,0x90e8cc88bfffe7e71b824f868db883ec6fafc794,0x263b2d9b0825550d27ed0f71b827090d455bc3e6ef09f44eca3b7e1af19eab70
07 Jan 2025 01:53:47 GMT,0.1,369.589274582,0xbfc9ca1c434ab19e5f75acd2d603dc0621ef64e2,0xbfc9ca1c434ab19e5f75acd2d603dc0621ef64e2,0x02cbcbe3e51291af617bba8758ca5fb53ca9b9bed2e82614cec4d3c40cf95e72
06 Jan 2025 23:56:35 GMT,0.38,1400.813,0x87147d4264f62d8708c777cd20c4c6578575eeb7,0x87147d4264f62d8708c777cd20c4c6578575eeb7,0x1bdaedd630f1079c55aa12d1925ba3019bb632b61783e9d622bb7642d6c3676a
06 Jan 2025 22:25:47 GMT,0.015,55.153130385,0x6b4fdd919a2014a23aba0529ecca6e4ad8aea91b,0x6b4fdd919a2014a23aba0529ecca6e4ad8aea91b,0xc85eb9cdbcf19184c2a67b80f60afb4afe58bf3d2cf81822d06212df7d7a6288
06 Jan 2025 21:52:23 GMT,0.3,1103.0626077,0x257adb1d64ee40a872c910106aa05063968d0640,0x257adb1d64ee40a872c910106aa05063968d0640,0xfbe728ac284b5b6b9c5ea998d36732e7e0711165d1b7c9800895df57d76e1ce5
06 Jan 2025 19:17:23 GMT,1.8,6632.704083258,0x510047bd2bdc7f1acaa60dafbbb152416e73ad69,0x510047bd2bdc7f1acaa60dafbbb152416e73ad69,0x7013f5b21e14ed7918a0f08f400ad4bc804913dc80e3aa8db21006cd1ebe9a02
06 Jan 2025 19:03:35 GMT,0.5,1842.417800905,0x3849c67aa2cc43107775b94924744e5cec02ae6d,0x3849c67aa2cc43107775b94924744e5cec02ae6d,0x8bd6d4ef97fc1c53a36bd65f2562129b127ce11199a5a08dd64758381cefea7d
06 Jan 2025 17:57:59 GMT,0.03,109.984428,0x2e7995efb47fb21e7739dd7c60598da647efb68f,0x2e7995efb47fb21e7739dd7c60598da647efb68f,0x14c1658117bacc7d310ae8313ff6abbaf41e72a494702f7283ffb3130bf433c7
06 Jan 2025 17:47:35 GMT,0.03,109.984428,0x2e7995efb47fb21e7739dd7c60598da647efb68f,0x2e7995efb47fb21e7739dd7c60598da647efb68f,0x76d784c0dbe7a1dc4abbbff9bfe7c626d42bedff0e3ffa704569c4d577fce413
06 Jan 2025 16:55:11 GMT,2.599,9641.47360916329,0x5fdcfd98062715ad2f3eeb12a83a157e815bbee5,0x5fdcfd98062715ad2f3eeb12a83a157e815bbee5,0x82b43269c195f152f1227d147657de408cb8db5452d2e5b2cb1b2107142779b1
06 Jan 2025 15:54:59 GMT,3,11121.96,0xd373e26e2b719727d888ba521c05f39e56dc592b,0xd373e26e2b719727d888ba521c05f39e56dc592b,0xc0e71fd4c3ef48be05d81083bc5eb5b8b0464ca5e8b6c60bd4752270f33872cc
06 Jan 2025 15:51:59 GMT,2.58,9501.7788,0x2708c3e6e3c88715d342a0ddf8d1e2bde02838d7,0x2708c3e6e3c88715d342a0ddf8d1e2bde02838d7,0x85bfbde7623ed382f4e028f02b11d5322b706d1ce8254f11291d432bca65ea54
06 Jan 2025 15:48:59 GMT,0.5,1841.43,0x64977acf5dec2754d59f7fa7ae96ce564d969b85,0x64977acf5dec2754d59f7fa7ae96ce564d969b85,0xe26ffde2b49bde532a889d873339d06a7fd815128530c15003c158a484bbdbc3
06 Jan 2025 14:52:59 GMT,0.02,73.2859,0x51b052c9200a86e9417d24d0382527b49431a2b5,0x51b052c9200a86e9417d24d0382527b49431a2b5,0x2089a72053ccf7677acbf746d09f5ac8811fe2d06bddae9917bf9f2eb831a15b
06 Jan 2025 13:01:11 GMT,0.5,1827.3003285,0x9f02cd48b13e68ba2a1b7a020fb72b0ff83e451b,0x9f02cd48b13e68ba2a1b7a020fb72b0ff83e451b,0x5725af3c880603e2674be9fb2233d50fcfe6e2dc1437b551bac3f2c8906638f1
06 Jan 2025 12:37:47 GMT,0.1,365.625,0xfc9b4f407dccbf8d009e8691eed0053828df631f,0xfc9b4f407dccbf8d009e8691eed0053828df631f,0x9a050cac328238e89d2412e8228963bf1ce34c8bc48d16ae4f3e5c65346f21f5
06 Jan 2025 12:34:47 GMT,0.1,365.625,0xdc1ae625245dba835dd3df5d8c3fde81d692cbaf,0xdc1ae625245dba835dd3df5d8c3fde81d692cbaf,0x10febff98e1914d3074fe6de9a2d3ad0423c4ec1beb18700c61b1e333ba7653d
06 Jan 2025 12:28:59 GMT,0.7,2559.375,0x84a752c66caf65a687e151cc463370e364b50581,0x84a752c66caf65a687e151cc463370e364b50581,0xc46bd031e9fc9281c2b0d475328026965cedfd5706e944a62ff8a7e13ad5f89f
06 Jan 2025 11:56:59 GMT,0.5,1828.125,0xfcf6eb1c0dfb6ace0f25ea2a5432f8c957abb4b2,0xfcf6eb1c0dfb6ace0f25ea2a5432f8c957abb4b2,0x7c35dcd5541b34b711d1117ce45b66060a84c2632649aae05f1941b782805523
06 Jan 2025 11:08:11 GMT,0.5,1818.915,0x67834be83c59dd037063be83a77feeab2068b94f,0x67834be83c59dd037063be83a77feeab2068b94f,0x6c6cbd831d1034dd8c64a079c491c54671867257c498f24ec9a7ee810f327cf1
06 Jan 2025 10:34:47 GMT,0.2,729.012264434,0x93afc3b051340aa338a581b07a679a2fcfd0b858,0x93afc3b051340aa338a581b07a679a2fcfd0b858,0xeaa228e54b38761eac4242b7df0b65833c7f0b2eb4af6954977351c0b568a07e
06 Jan 2025 10:12:59 GMT,0.01,36.4506132217,0x759a43d3e4119d446717b5341762c19884998497,0x759a43d3e4119d446717b5341762c19884998497,0xdf06d3b589ebfb01e74ddd246423327c5ce3fde84ad609dae5f7b270a573d8f9
06 Jan 2025 10:11:59 GMT,0.05,182.2530661085,0x45c8fe5b13439c3cbf7d30093442f51e9d26a35e,0x45c8fe5b13439c3cbf7d30093442f51e9d26a35e,0x6ffc28a77b94dc25f9a8ff441856f6b4e03c0c391ad541938104f84c7c10921c
06 Jan 2025 10:06:23 GMT,0.3,1093.518396651,0x35d8374f6ea7aaf8f07f7ee948c420525e194cc4,0x35d8374f6ea7aaf8f07f7ee948c420525e194cc4,0xf49385d1cf133762a9f2a5fe52a6028565f5c3113b5c45b5460e8493267da9a8
06 Jan 2025 09:06:35 GMT,0.07,254.88138228,0x80b759f0a9391e64351e6b94e32c384a40d96b7d,0x80b759f0a9391e64351e6b94e32c384a40d96b7d,0x21e09f34653a432f031364aa2fb6db884a84cfe7e4d44949b5e0ab83b487e8d4
06 Jan 2025 08:11:59 GMT,0.25,912.5963505125,0x7d0556d658239a0b7ab7fe6d113d31626ec910e0,0x7d0556d658239a0b7ab7fe6d113d31626ec910e0,0x527ce79ad08a2165ba59be6f4eb1f14476377cb558c548111f82a911c087def6
06 Jan 2025 07:37:23 GMT,0.055,201.2439,0xa17856f3decfafcc3f22ee33fdff0e6f6e862c14,0xa17856f3decfafcc3f22ee33fdff0e6f6e862c14,0xfe169a5a320377f48365295fa5c3015042a4af8398b3685411757519e6d43632
06 Jan 2025 07:12:59 GMT,0.2689,983.899722,0xe4788d4ffb51922af93a5b30f53f7de51f99706c,0xe4788d4ffb51922af93a5b30f53f7de51f99706c,0xa13a7ddda495effd3e65635893531cfb2bbdc3386dd257b615e460d5b00f9e5b
06 Jan 2025 06:47:23 GMT,0.1,367.411,0xb19f860979e7545a93dda04e8ba4335d1e33594a,0xb19f860979e7545a93dda04e8ba4335d1e33594a,0x8e91e8859582d21502d033f009e8fafa66d9bc849715b6ca3a080301b07e581b
06 Jan 2025 05:46:11 GMT,0.03,110.7834,0x4c2bad6ded85c73dec25930c4d88d72a93512eff,0x4c2bad6ded85c73dec25930c4d88d72a93512eff,0xa5c5bcc4b04ba32d92c6ffa2bc35fae428723232a5ad9c3afc010c8709160b2e
06 Jan 2025 05:20:23 GMT,0.03,110.22147735,0x864db360581f8f1f833d56f97876919ea791db2f,0x864db360581f8f1f833d56f97876919ea791db2f,0xf6ef89822ea9d5d3173563048bad30b2bc8095446efc6591273d56e81c00743d
06 Jan 2025 01:56:23 GMT,0.05,182.65,0x3301c8d13e46a6dbd646874473198fc41e51f26b,0x3301c8d13e46a6dbd646874473198fc41e51f26b,0xb235ba7fea76bba2f1915d213a8c3a9fb88a514d4cf622206cbc96c670ef4215
05 Jan 2025 23:58:23 GMT,0.3,1092.13507179,0x6950d492747b62f09b9190f8661b3a60644bb04d,0x6950d492747b62f09b9190f8661b3a60644bb04d,0xf199f49cede336c32ef1d08492a15c050b76e58aa4c94c6c523693145102fef7
05 Jan 2025 23:55:35 GMT,0.023,83.7303555039,0x4a341a1e707ab1175561ef9bc90094eb58301563,0x4a341a1e707ab1175561ef9bc90094eb58301563,0xd8debfb443a2af5b6a7f944559921e15236510c1e9a5aec42d62070dcbfdfebd
05 Jan 2025 22:29:35 GMT,3.2,11648.608,0xae5905de19d8e65b45d8179f71c72af8018721cd,0xae5905de19d8e65b45d8179f71c72af8018721cd,0x52b73267ba499c07222355867a0c4ee9e4265125416b2ebfd9ee9ea0c32f73f1
05 Jan 2025 21:40:35 GMT,0.03,109.0482,0xc47fe3dd5a50b2998b44693aa366d2093a2069c6,0xc47fe3dd5a50b2998b44693aa366d2093a2069c6,0x6fa376569894619812e2367e273dc4ae138d3d00d7fa3d6741287242ec9e2b0a
05 Jan 2025 17:42:47 GMT,0.12,437.5704,0x2a94427d76fdc1457d77ca2ecf753a2b73a99d54,0x2a94427d76fdc1457d77ca2ecf753a2b73a99d54,0xcbd37da1ea0d3c0d7f1c3937d37b857af6c4bfed3c4bf1d8d6531f1ca5c6e7b2
05 Jan 2025 13:14:23 GMT,0.1,361.738,0x965bedabfe79e18f07394f10b631d923c5b7e52b,0x965bedabfe79e18f07394f10b631d923c5b7e52b,0x46dbd67329a3ec62c33fa3e51291c14b37c4025e176a02e7e78daebb8b3e31e1
05 Jan 2025 12:49:35 GMT,0.15,542.607,0x830e94d6633f8ead0e8c1120867db2733a50d6b8,0x830e94d6633f8ead0e8c1120867db2733a50d6b8,0xed94ea027c54604d24812db678c370732921cd9c814b4f8f0dc7e4dcaf786b21
05 Jan 2025 12:24:47 GMT,0.1,361.738,0x98d21924713d7524e8b0f882527ab0a26c6ac2ac,0x98d21924713d7524e8b0f882527ab0a26c6ac2ac,0x95d92adad0b23b1aeb8cb3f05c28344be1791e024b69f00bba1ac5435aab9ead
05 Jan 2025 11:37:35 GMT,2,7238.29718518,0x1d016162e67343fc1f87cf6511c9d61d1e7361b7,0x1d016162e67343fc1f87cf6511c9d61d1e7361b7,0x87ffa41b7ab9f8b3998dc1a639a5e6a7b46128a8650ff014be97dc5b7e0675b6
05 Jan 2025 10:53:23 GMT,0.164,592.60416,0x39ecf94ed35451a67006dcce4a467aecdfab6940,0x39ecf94ed35451a67006dcce4a467aecdfab6940,0x8050ad158859aa4b9feac50559bf739a59ed02b753c9a14aa30327ad450c4c51
05 Jan 2025 06:42:47 GMT,0.075,272.6625,0x523f79c955ebe1338d24125631ffaa1802bc846f,0x523f79c955ebe1338d24125631ffaa1802bc846f,0x000c04d80f9a9fb3bb25e466c3bd91c0ff43f75c41d1bbec59533dad2c2b8462
05 Jan 2025 02:31:35 GMT,0.423,1538.3664,0x2a94427d76fdc1457d77ca2ecf753a2b73a99d54,0x2a94427d76fdc1457d77ca2ecf753a2b73a99d54,0x3133b4dbcce739a9b8ea5d55d0ccb51106db3044d063bdce719087c197788d8c
05 Jan 2025 01:25:11 GMT,0.01,36.553405,0xcb0d249e273b087e509ae3bf04c233ec0ea84c96,0xcb0d249e273b087e509ae3bf04c233ec0ea84c96,0x631d4c859aa2daba072fccd1eeb8f8b78c8c14cf31df1eeaa76728324ce9f526
04 Jan 2025 23:20:47 GMT,0.275,1004.82525,0xc53f71d4b5603ff288153b9cd350015f9ccd520f,0xc53f71d4b5603ff288153b9cd350015f9ccd520f,0xbeb38ac5d7a42d68e50696607ac7142b2f4c5a987af4c7510fa2ad10d919c37d
04 Jan 2025 23:16:23 GMT,0.25,913.4775,0x5fdcfd98062715ad2f3eeb12a83a157e815bbee5,0x5fdcfd98062715ad2f3eeb12a83a157e815bbee5,0x7905426aa6d3dba4a182e903f5518c8e51e89675f160271654a3391d904afa78
04 Jan 2025 23:14:47 GMT,0.052,190.00332,0x291ebd56e2bd8ced0aa7474ff4257576df9c5e90,0x291ebd56e2bd8ced0aa7474ff4257576df9c5e90,0x16c34541cb672ff9717f00a8701982b90fed4b3c40c8c4bc8ea35866d04dc796
04 Jan 2025 22:17:47 GMT,0.1,366.184210085,0xb315bae206846fc785bf06850e1a72d8c5e05b09,0xb315bae206846fc785bf06850e1a72d8c5e05b09,0x0dd8c028283c7e0a3e163f4c86840c9aca1c95e7a051504d2c9226331a075c2d
04 Jan 2025 20:26:59 GMT,0.27,981.2810911752,0x0a91f6253f6a9a6b0a1003e0cbb6872a956b4a65,0x0a91f6253f6a9a6b0a1003e0cbb6872a956b4a65,0xdd18167573cd5159d325bf6e25903d594660d581cb5d40bda61e8e87d0c7a55c
04 Jan 2025 19:10:35 GMT,5.5,19945.157972245,0x8cdf1b6cfb693db9e171a1b9dda88c257e68638c,0x8cdf1b6cfb693db9e171a1b9dda88c257e68638c,0xb5db3bfa7b896e0fc4710461f56aa5ebacf48f4f96f6c0208a1baa8cff62bfe4
04 Jan 2025 18:29:59 GMT,0.012,43.58581237572,0xcb0d249e273b087e509ae3bf04c233ec0ea84c96,0xcb0d249e273b087e509ae3bf04c233ec0ea84c96,0xbfd9e70048daa99518adac6a2da550361f7a80a0d3b1c4403f9a9487df5e9f4a
04 Jan 2025 15:19:11 GMT,0.114,415.27464,0xdd35b9d2b9e2bcfafad29fa17a9ec0010ddd5fe3,0xdd35b9d2b9e2bcfafad29fa17a9ec0010ddd5fe3,0x4f63c04971194878fc558df9718e0a908b8c8ffadb2dc426402c02e6ca7f177e
04 Jan 2025 14:22:47 GMT,0.137,498.4515525,0x0fc626c7e2d8dcab2efa5d143798ff665067e62b,0x0fc626c7e2d8dcab2efa5d143798ff665067e62b,0x51cc094a7b56d1ce96d626a069d39a39248e82a3403eca793007368b52694f15
04 Jan 2025 13:35:23 GMT,9.99,36398.9435211,0xafc20aa831da5a651dfb5843d7c850d281880ead,0xafc20aa831da5a651dfb5843d7c850d281880ead,0xfa6b7c8d449c3149e7d487211675d83170edb37c92674dc0cb126a8d5b4bfc18
04 Jan 2025 13:30:35 GMT,0.02,72.8707578,0x873be1a48a2a88f84aaee24e19306b2d5a69f51f,0x873be1a48a2a88f84aaee24e19306b2d5a69f51f,0xe84fa467e813bb0bab2a04e7983b06b8f8ea7a5c984b2bfc05697e4f79d6ec57
04 Jan 2025 13:26:11 GMT,0.022,80.15783358,0xb93b38c30c751b6ebe7c6809f64eb3013d740ae5,0xb93b38c30c751b6ebe7c6809f64eb3013d740ae5,0xbbd5d1efcae333365821938bb6a53e08b59c4e4eb369a80483e8dc51fa91a8b3
04 Jan 2025 12:59:59 GMT,1,3623.7498,0x605dfc09ff81e3747e1d7841e1c5422c65d85c8f,0x605dfc09ff81e3747e1d7841e1c5422c65d85c8f,0x67841107758f2aac57d0b1e3d660159465c973f1a88d6c811c278665afd4c678
04 Jan 2025 12:45:35 GMT,0.193,699.3837114,0xbc77cf5662fc6a1af2faa504b6337de32eb848b1,0xbc77cf5662fc6a1af2faa504b6337de32eb848b1,0xcb91953b236a89a6697b33d8e5d41d319b397fd67534fc2d10fe0c76d7fbf160
04 Jan 2025 12:07:11 GMT,0.13,468.1702971413,0xf98f2bf8979fd7be331d5659a2fa96d1841a3538,0xf98f2bf8979fd7be331d5659a2fa96d1841a3538,0xff3b8a4749806298f8678b7a690040691738b5399bad52ababa4c8f69adcdf87
04 Jan 2025 11:31:59 GMT,1,3587,0xd2429c59ab40932e9ec42aafa76e200b104ecee5,0xd2429c59ab40932e9ec42aafa76e200b104ecee5,0xfaec00c6a8d825d8cbf4bd3b84160293d12109d0b10b477fb47c332394af23ef
04 Jan 2025 11:30:35 GMT,0.009,32.283,0x3e907c57c9735ec8501f90c515c9bea09105d968,0x3e907c57c9735ec8501f90c515c9bea09105d968,0xcdd4b7d576d57162759beb709686fee083f7f29c7a5d7c8cc60bdf975f20ad49
04 Jan 2025 11:13:23 GMT,0.5,1793.5,0x87cbc5b667a3b09d0493fac382df75378c1705ae,0x87cbc5b667a3b09d0493fac382df75378c1705ae,0x49fa2b35abfea37dc61551ec9ea33072322a179c49c719424225b52582776eb4
04 Jan 2025 11:05:59 GMT,0.12,430.44,0xe3c0a696fcc0e8e0a5bb9dc2a30296650874d3ad,0xe3c0a696fcc0e8e0a5bb9dc2a30296650874d3ad,0xa760574d99cc9b9a81ef6c9a9cc8497ae49767321d86458e4596e6d299025009
04 Jan 2025 11:01:35 GMT,0.1,358.755,0xe3c0a696fcc0e8e0a5bb9dc2a30296650874d3ad,0xe3c0a696fcc0e8e0a5bb9dc2a30296650874d3ad,0x4912fbf1616a4dbc688665cb3de098bda1cde82e1074b589787b83a454ca9e37
04 Jan 2025 10:43:59 GMT,0.11,394.6305,0x618fb2542e05b674689cad848de8cbed384375eb,0x618fb2542e05b674689cad848de8cbed384375eb,0x8a76e7851de4538744265590a3202deed9c85dd1bafc7c2d4ddfa9d936735306
04 Jan 2025 09:45:47 GMT,0.35,1254.729982149,0xe9e6c5004b6801f754dfc81534d8844ea4573f94,0xe9e6c5004b6801f754dfc81534d8844ea4573f94,0x413580b7cf5532e457729643f2288ac225e7d53c645b16534f7d8f54f73b543a
04 Jan 2025 09:27:23 GMT,0.05,179.247140307,0x4a341a1e707ab1175561ef9bc90094eb58301563,0x4a341a1e707ab1175561ef9bc90094eb58301563,0xef53e6d51b7fdaf9ee5face8a5e83415d9800a0f35375477b00c5d7b04f875c0
04 Jan 2025 05:17:35 GMT,0.05,179.3203283375,0x16696025f6ea816efeb5be14fa0f740e338c9099,0x16696025f6ea816efeb5be14fa0f740e338c9099,0xc147ee2a4c74b920d7636d4d3c576ac5f87038a2910ba7e06670480427e076f5
04 Jan 2025 05:15:59 GMT,0.121,433.95519457675,0xd5daa68b5be80ebdc8ffe435b35dec723421dc41,0xd5daa68b5be80ebdc8ffe435b35dec723421dc41,0x38850556526addb1310baab65035889a4dbab58f8668490a30c463299eca7696
04 Jan 2025 04:07:47 GMT,0.66,2372.9558269692,0x41ed2996bc1fcf566e794b674c0785521dd95159,0x41ed2996bc1fcf566e794b674c0785521dd95159,0xa3fa2d427c01ed77c4e7d685517e72bace61616a9035380d879b711d8610c7ca
04 Jan 2025 03:41:35 GMT,0.087,312.79872264594,0x07aabf0457bc4205bf7d1bb0268d45db70b1fa4f,0x07aabf0457bc4205bf7d1bb0268d45db70b1fa4f,0x33c112fdefc86fb84a2fc9d503e793586c9add5d39a54e32544bc40647d81142
04 Jan 2025 03:22:35 GMT,0.3,1078.616284986,0x07aabf0457bc4205bf7d1bb0268d45db70b1fa4f,0x07aabf0457bc4205bf7d1bb0268d45db70b1fa4f,0x9839fe29f88cbb269cbc8b09aaf510c37e81f09e834ce3d75d1db3822b45144b
04 Jan 2025 02:59:59 GMT,0.042,150.67365129012,0x16b5447f99441771f7142786f5dbf5f7a1e86d40,0x16b5447f99441771f7142786f5dbf5f7a1e86d40,0xf1e0ee259e4d025b3600b3a8b2a0e33a5d4c5d3130e0e6d6789d5a1ba66255ce
04 Jan 2025 01:40:47 GMT,0.1,358.824,0x95f2849428e80d3d6751ed92d0f30382a90de01a,0x95f2849428e80d3d6751ed92d0f30382a90de01a,0xea86778595438517d8608a447c885d98f8988dff638d373733efd7e68490097d
04 Jan 2025 01:04:47 GMT,1.2,4329.06,0x2a1d2978ce46410be6bbb1405b8702004d71ef79,0x2a1d2978ce46410be6bbb1405b8702004d71ef79,0x063a83f3860fcd7c45ca901f078050f5cb4e79bb076d3d91ff3f88c9a34fd860
03 Jan 2025 23:00:35 GMT,0.23,832.051818,0xf9107317b0ff77ed5b7adea15e50514a3564002b,0xf9107317b0ff77ed5b7adea15e50514a3564002b,0xf80f1a50adb4234e78f77673be9fab0c79f46495bb7c68f08490a5b8036c99ec
03 Jan 2025 21:46:59 GMT,0.04,144.48556592,0x5ed5f0ebff6e892d8a9aeb7b79e84311276886a7,0x5ed5f0ebff6e892d8a9aeb7b79e84311276886a7,0x792f1d94a20b8fd482fea6c12ead605127aa9fb6048b2c656a063d1d21d437d2
03 Jan 2025 21:20:47 GMT,0.05,180.61288025,0x42f260021d921ddbc19562cab3f9d294bc2f98e9,0x42f260021d921ddbc19562cab3f9d294bc2f98e9,0x18b1803da9eed8a954c8e380fb190f0b55dee1cee269af82a5b0e8569bcf6fd3
03 Jan 2025 20:42:59 GMT,1,3612.257605,0xd33a97de61e09d26937dd8cf5f7fb511b82ddcc6,0xd33a97de61e09d26937dd8cf5f7fb511b82ddcc6,0x81b307e9d0134b78e7b7c5517753dc212897ab07d61dd1e8d248cf3aba02c26d
03 Jan 2025 19:17:11 GMT,0.5,1803.2881599,0xf89fc7c27f885185afa09a38b29daa1bdaf32d4a,0xf89fc7c27f885185afa09a38b29daa1bdaf32d4a,0xf748b158a3c313550368441a69cc8886aa79d80dfef3320fdddec7a32ddf61b4
03 Jan 2025 18:44:47 GMT,0.35,1262.30171193,0x98d21924713d7524e8b0f882527ab0a26c6ac2ac,0x98d21924713d7524e8b0f882527ab0a26c6ac2ac,0xa4894b06afd854a86ad10b6089daf39c6eaa06824e2c220c51a6c7802718b84c
03 Jan 2025 18:20:23 GMT,0.015,53.8071375,0x3894dc8d78a9238d4a8e24c52e21e73679ac7eb9,0x3894dc8d78a9238d4a8e24c52e21e73679ac7eb9,0x7357a0da8ee524251c50eec481e0f918d3a35f22cc2deee330b77810c4b3f205
03 Jan 2025 18:07:59 GMT,1.5,5361.837951,0x6727ebbc5afa01bf8f5bee069fb310e032fd0125,0x6727ebbc5afa01bf8f5bee069fb310e032fd0125,0xf235197f911639f8a4a946ee5b39b5fe0100b71dc9386f3c5aa25e253634b0db
03 Jan 2025 18:03:23 GMT,0.06,214.47351804,0xddbeaeeaa4edc5b005c07d82bbea88aa9a753a85,0xddbeaeeaa4edc5b005c07d82bbea88aa9a753a85,0x83cf12c2b42dbf0ac04525af55fb2e00b9ab64a4f02bcfd65b79c7956cbde0fb
03 Jan 2025 17:57:23 GMT,1,3574.558634,0xcee121e857986fc4abb957a608e56674b13ef714,0xcee121e857986fc4abb957a608e56674b13ef714,0x3373b9cb44c5f56e156b8eea43d19695c4404053c7de71e0916dc3719c97eb6c
03 Jan 2025 17:26:35 GMT,0.1,357.4558634,0xeb0dc877800579c66e8176b514c6d25ce3114ad3,0xeb0dc877800579c66e8176b514c6d25ce3114ad3,0xb6fdca7beac0375e09fd8b0543bfbff61b54d0bac491e130f9234f16ca82be93
03 Jan 2025 17:22:47 GMT,0.5,1787.279317,0x9d407e3b43db36bbed6bb8556978495c486a47b2,0x9d407e3b43db36bbed6bb8556978495c486a47b2,0x91665c5196ab77d6ca9359cfd70d233516df9528930a4af519e47fabb494e5f7
03 Jan 2025 16:57:11 GMT,0.06,215.57918226,0xd4cea3275c9beae283169b8780be82323b26b314,0xd4cea3275c9beae283169b8780be82323b26b314,0x156ecad37732f84f15756e2b195e5c0f25c2b510a7134fba9c6fd17f5217ae8c
03 Jan 2025 16:45:11 GMT,0.005,17.964931855,0x3cf093d106f8605fe0d3548c0871c17482fd7b69,0x3cf093d106f8605fe0d3548c0871c17482fd7b69,0xf7353258be8ceed823014ee3a4c26b5dd5f27d6e173703b399d950f0202bd752
03 Jan 2025 16:34:23 GMT,0.02,71.85972742,0x2c7b2c0e07dc695d09945a59010fd551914f00ea,0x2c7b2c0e07dc695d09945a59010fd551914f00ea,0xe31e7e66ddd695ac11499e03a4ff63c616bbab040bd93791352b841ae32da669
03 Jan 2025 16:18:23 GMT,2,7142.64,0x1dd0b356c0eaf852b992c96b36b4c442d52eac39,0x1dd0b356c0eaf852b992c96b36b4c442d52eac39,0x71316d8197e85a4fb38929ac3e0f6cde570937554fc021cdc8b96ba0504e543b
03 Jan 2025 16:11:23 GMT,0.83,2964.1956,0x9f0fc54403fe11f1180a69b10c9e808f5407da01,0x9f0fc54403fe11f1180a69b10c9e808f5407da01,0xc8882f6d4f15cde87c9a9e8de6bda840e9482ac92d2b99a5afe264f1c022c40b
03 Jan 2025 16:07:59 GMT,3.5,12499.62,0x8e1108708d54177e2dd1c270fec0fe4bbd492a82,0x8e1108708d54177e2dd1c270fec0fe4bbd492a82,0xda2b1ad82a09a362a4f8227b839d54d026d686ef4655ec299633312aef094693
03 Jan 2025 14:59:23 GMT,0.09,316.4144497965,0x523f79c955ebe1338d24125631ffaa1802bc846f,0x523f79c955ebe1338d24125631ffaa1802bc846f,0x85748ba4129d13b360cbbaded6e40e84fb0b8789e0dda81b70c16f1d66b6674f
03 Jan 2025 14:36:23 GMT,0.5,1757.858054425,0x318b7698e3e783f11f9a21f65ba1aac8a44001c8,0x318b7698e3e783f11f9a21f65ba1aac8a44001c8,0xc4dd6196e4e18eb149ea22908926e5b364a5154e4da4c688a253a089a396e626
02 Jan 2025 17:01:59 GMT,0.0293,101.62070362,0xac1a5f1c12ed3f89e949e2ffeb438c3656666666,0xac1a5f1c12ed3f89e949e2ffeb438c3656666666,0x3c9eab7429dd972b53c25826058bf82be7b02a8c75ac7f090afb16003a9c579f
24 Dec 2024 17:29:23 GMT,0.3,1051.197,0xb663724f8dddcb903a30cbf85036f95d83de275b,0xb663724f8dddcb903a30cbf85036f95d83de275b,0x4e32c6f47b2763848f62612137eaf6db8dcd4e5e378c87b5bfcda4c7e5358b36
24 Dec 2024 16:49:35 GMT,1,3486.2,0x19842f10bbb9f723fe4d69ac0391561eb901e570,0x19842f10bbb9f723fe4d69ac0391561eb901e570,0xf7fb8379f47dbf075d51146b7a0d68b263f47bfd52a0afa5941eed7c5e0bc6a0
24 Dec 2024 08:31:11 GMT,0.55,1867.54975,0xcf63675a9211d835acae23478c2c988d1bca9f2e,0xcf63675a9211d835acae23478c2c988d1bca9f2e,0xe7f9c9ae5105bf6c9d7591b6bf75d3d9fcc625f5599ce13a288db24feba59630
23 Dec 2024 14:08:59 GMT,0.15,498.9515925,0xa6a3b6da892ccac64524b0a977ab78e1e3492408,0xa6a3b6da892ccac64524b0a977ab78e1e3492408,0x7ae316b939505d602d76920f546b59bad17b22e24ea4c28d047190d7fd595c6b
22 Dec 2024 11:33:47 GMT,0.0565,190.5904782,0xef64a19ea3c40b42f1baa906eaa98a66eeba65bd,0xef64a19ea3c40b42f1baa906eaa98a66eeba65bd,0x540ee9414f3a1a09aba06303622d90c0a9bb566d1b9def7103f6376fde6a99e9
22 Dec 2024 11:15:59 GMT,0.6,2034.528,0x7da5c3878497ba7dc9e3f3fd6735e3f26a110b2a,0x7da5c3878497ba7dc9e3f3fd6735e3f26a110b2a,0xe77cde87b7078e27d8954e87cba59e11f6ce506b3e66d53a05ff760c25ad6446
22 Dec 2024 10:51:11 GMT,1,3390.88,0x7da5c3878497ba7dc9e3f3fd6735e3f26a110b2a,0x7da5c3878497ba7dc9e3f3fd6735e3f26a110b2a,0x9acfb6d403ae4782d34d401e0dc989ca8f61ad072626c6effd359a1f08b44c1f
22 Dec 2024 08:14:11 GMT,0.12,401.7912381444,0xeda8bf0cfb597bc71777bf1fb55777623c61578c,0xeda8bf0cfb597bc71777bf1fb55777623c61578c,0x8996f950e5a5442a49c4dd4e926e953081d44815c9e18f72eb5aaaa3bafb83c3
22 Dec 2024 06:17:35 GMT,0.082,272.614573786,0xfcf6eb1c0dfb6ace0f25ea2a5432f8c957abb4b2,0xfcf6eb1c0dfb6ace0f25ea2a5432f8c957abb4b2,0x095abb52362917a728a69e45c15df7692e351c788931086067b64df5bc452fb7
22 Dec 2024 06:14:23 GMT,0.15,498.68519595,0xb663724f8dddcb903a30cbf85036f95d83de275b,0xb663724f8dddcb903a30cbf85036f95d83de275b,0x439cf8a944252beb288558124587d2445942247383e7d158d81d6ba4a6910094
22 Dec 2024 06:08:59 GMT,0.38,1263.33582974,0x2905a27e3ca15220cb2d3a47f285ace8c72dc831,0x2905a27e3ca15220cb2d3a47f285ace8c72dc831,0x7246a7a1735bcac3346e1bb4443c44a4768826f4df390fe2acf43cf63a439302
22 Dec 2024 05:01:47 GMT,0.5,1662.488954675,0x56ba732a6ae49d86003453823cc89730c2d2ef10,0x56ba732a6ae49d86003453823cc89730c2d2ef10,0x47aa7af05da330a14ae0162a05424f5752d48b0c6ccf43a6d18dd8541e6aad13
22 Dec 2024 01:25:35 GMT,0.27,906.4845,0xcec08941dcfcc6df840727f37febaa40017982c0,0xcec08941dcfcc6df840727f37febaa40017982c0,0x020fc7508aa7df5db6c976d6c9d3cfa389520303a8d8e18053984130dd78ee95
22 Dec 2024 00:03:47 GMT,6.9,23050.12965,0x7dd9d1f7cfa5b7bda1c204dcbeb95c44e6f8efc5,0x7dd9d1f7cfa5b7bda1c204dcbeb95c44e6f8efc5,0xa573b806ab8672eee88e89451f2ffc50a8590bed3903dd80009d82a45ab8c163
22 Dec 2024 00:02:23 GMT,3.59,11992.748615,0x8768af24959d635bbf368d6e12240175e874b19a,0x8768af24959d635bbf368d6e12240175e874b19a,0x2cd72989dd2949d25e64491ff48909e9054f987948d6d6b72670336d07f432c3
21 Dec 2024 21:22:11 GMT,0.48,1604.382184776,0x2997d090fad8532bb04f456a7b679ea6ceb637f4,0x2997d090fad8532bb04f456a7b679ea6ceb637f4,0xc14916c2e3ed279090ffb015b93427096d8d1297ad1ee3418606042dd63835c5
21 Dec 2024 19:53:59 GMT,0.9,3005.586,0x14747b8be932b3bf759062a0fdb14e2331b1fdcd,0x14747b8be932b3bf759062a0fdb14e2331b1fdcd,0x34165820d9edcc1f9790ab60f3fc8fac0abca240232c020298f4f38f42b4515b
21 Dec 2024 13:22:35 GMT,0.15,508.6185,0x1c2a38c36c96d3a41c854f7533e5eb977560ecab,0x1c2a38c36c96d3a41c854f7533e5eb977560ecab,0x699eb6e38e713b87f5faf02bc70b2be8a70abbc535ac3ae5287b2f5ef2823fcd
21 Dec 2024 10:10:47 GMT,0.041,142.81150830278,0x0456a3d6b7251a2ba32090c5441aa0df73660fee,0x0456a3d6b7251a2ba32090c5441aa0df73660fee,0xe9b8de3fca06830562dd042a42e178268690d9ee4ed986bea442b93a2efd3cf5
21 Dec 2024 03:38:11 GMT,0.2009,695.947451731,0xdf4e5f30865c4dbe97f3947b02cf891c5a7cd93c,0xdf4e5f30865c4dbe97f3947b02cf891c5a7cd93c,0xb59015e69b7dafec97bed591ac1e09e161fcece050837967818c58aa69ba2ec1
20 Dec 2024 22:56:59 GMT,0.09,311.9967,0xe12585ae44d4c53073e7eb3b264966d78e178e87,0xe12585ae44d4c53073e7eb3b264966d78e178e87,0xb3dab1b6028191ee096057485567cd277a4a854e81e064fa2c42be84791cbed9
20 Dec 2024 22:03:47 GMT,0.043,147.4891142,0xa17856f3decfafcc3f22ee33fdff0e6f6e862c14,0xa17856f3decfafcc3f22ee33fdff0e6f6e862c14,0x1d621ac347cecb3ec20bfc1d1883a24757d6c9371bacb769222f5853d47ac3f8
20 Dec 2024 16:22:59 GMT,1,3384.7642,0x7da5c3878497ba7dc9e3f3fd6735e3f26a110b2a,0x7da5c3878497ba7dc9e3f3fd6735e3f26a110b2a,0x00cce83f93f470ed6393a8ef6d7132a88f617f57f8f9f5c7adf151e3e45e525b
20 Dec 2024 15:31:59 GMT,0.6,2031.00138,0xcec08941dcfcc6df840727f37febaa40017982c0,0xcec08941dcfcc6df840727f37febaa40017982c0,0x285aa35f22cddae80d1cf39d19abc68a8793dbf379fa5dd560b5d882aa91f9ce
19 Dec 2024 23:22:23 GMT,0.02,68.624739878,0xa81287984e7ce253dabf7d7c2613b5e9143a6716,0xa81287984e7ce253dabf7d7c2613b5e9143a6716,0x40b693713be03629f754768d81008eee32fac6ec9a5d9f7505e84eb8e68529a4
19 Dec 2024 12:56:35 GMT,0.5,1843.165012775,0x0d8ad4b45eb5d0ea414cf789c4680681851a1100,0x0d8ad4b45eb5d0ea414cf789c4680681851a1100,0x23554051aa6e4041d3f0a3718cb7d73f38a27887e588d7138b09c0d6e454b6d8
19 Dec 2024 09:46:47 GMT,0.25,918.68737687,0xf96c9553b7ddda40c513161bdc66d108a0861d2f,0xf96c9553b7ddda40c513161bdc66d108a0861d2f,0xd8b0f165a81dc2ffacdb46abb3386c0ee13730235b247f81209bf7cd9db20cf8
19 Dec 2024 08:13:47 GMT,0.04,147.515516,0x37293899d2c9882075cd1fbe2b8e1d7955e59758,0x37293899d2c9882075cd1fbe2b8e1d7955e59758,0x31cf37c89d3ffa2782c12b516c0efbec9dd164a6a7f4208c0a8a8a6ab7d7cc40
18 Dec 2024 23:04:11 GMT,0.089,326.253065865,0x36f1437bbd5fc884ff36d86fe23c886a21cf4692,0x36f1437bbd5fc884ff36d86fe23c886a21cf4692,0x669ee0e3a7d2a0c63e91d11d993e8f2d0b5c281c815f8497e402e00089591401
18 Dec 2024 05:15:35 GMT,0.256,982.212992,0x4cfe8a96c22a2af3728f9f37980cb7b62da4c573,0x4cfe8a96c22a2af3728f9f37980cb7b62da4c573,0x727b8ddfdc835885c2f128e0b57091632f231bd9d6b713333ab30057198e9d51
17 Dec 2024 19:21:59 GMT,0.31,1220.6684,0x9d407e3b43db36bbed6bb8556978495c486a47b2,0x9d407e3b43db36bbed6bb8556978495c486a47b2,0x80670c91addb097a4ad7e053a720192ce80d98947219db08fd8b60c194eb8e75
17 Dec 2024 02:30:35 GMT,0.5,2005.43365,0x2f55a012d58edf3ce9cccf4d4de1e823bd1abea4,0x2f55a012d58edf3ce9cccf4d4de1e823bd1abea4,0xc758b107a2f6674da93c820781f94d48a45a6891108e49cf60dcf0b51b033429
16 Dec 2024 19:52:59 GMT,0.1,406.327,0x5642527cdef7e15d595351a0559e2d62f4c9d1b7,0x5642527cdef7e15d595351a0559e2d62f4c9d1b7,0xa1b7d14fb73ef77ac86cc7ed1b519513f240a0d020af999886f8c678bc45dba5
16 Dec 2024 18:26:23 GMT,0.7,2827.342752528,0x09675bdb976b5049d91d8ad4e024a256dc6d1a60,0x09675bdb976b5049d91d8ad4e024a256dc6d1a60,0x2e11a42041f80f7a10018561bb7cb286771bb6e820cf1d35ba6acc413af64bb3
16 Dec 2024 18:21:47 GMT,0.3,1211.718322512,0x09675bdb976b5049d91d8ad4e024a256dc6d1a60,0x09675bdb976b5049d91d8ad4e024a256dc6d1a60,0xf4e2d8aee08cca23fbf34b2903529d41df491fea32394d7b298bcac8f41752a2
16 Dec 2024 16:32:59 GMT,0.2,792.95936,0xa1554727c8e0331b7fcd4abba5e2ac29a986dff0,0xa1554727c8e0331b7fcd4abba5e2ac29a986dff0,0x2e0b9df2bbf0308ac926ac0511d0ac0d6fadf0329c6ea20fc3a0200f9a97468d
15 Dec 2024 19:19:11 GMT,0.344,1341.2840016,0x64457a113d04768edc129377535361de15175a78,0x64457a113d04768edc129377535361de15175a78,0x051afda4aa19ca7a8fd3e570b0ca62efc86700c6da7b22447f3160692f2fac94
15 Dec 2024 11:33:11 GMT,1,3862.02933056,0x269db22c6ebe20c8732d7a92a7334a5bc18283fb,0x269db22c6ebe20c8732d7a92a7334a5bc18283fb,0xbff1a6657f5710fa26a6be0953ba6c9204c224adbe4428b5d14e3ec9c6db4aac
14 Dec 2024 13:16:59 GMT,0.6,2323.128,0x62c07ff156c0ef2b570507690659a1663e1733c4,0x62c07ff156c0ef2b570507690659a1663e1733c4,0x7ef1dd87c98136e4e96e02e9555ff1561153a062b25ac63f2c866563798d189b
14 Dec 2024 06:28:11 GMT,0.45,1765.0668247065,0xb663724f8dddcb903a30cbf85036f95d83de275b,0xb663724f8dddcb903a30cbf85036f95d83de275b,0x7689c09fc8a970d111b06175a0285b94d7acbaae89c43c4e8c1f69150ce65b65
13 Dec 2024 23:11:59 GMT,0.12512,488.0167968,0xdf4e5f30865c4dbe97f3947b02cf891c5a7cd93c,0xdf4e5f30865c4dbe97f3947b02cf891c5a7cd93c,0xb02a0426240cfabef8a2be6c4bbd9adc63e7deea5c73939101f16f2a9596c932
12 Dec 2024 22:25:23 GMT,0.4,1543.293029144,0xd76f488142afca18464da0cbc215dcd27f127fbf,0xd76f488142afca18464da0cbc215dcd27f127fbf,0x10ffceacc072ce3b8e8f101c0e1979d234e7762c3a5b9dbda585b504b20b6307
12 Dec 2024 18:46:59 GMT,1.1,4316.268,0x6a423e040ec23f89f90d14d40badcdff7cc324b9,0x6a423e040ec23f89f90d14d40badcdff7cc324b9,0x55522fecca37be01847553e850cfa6fceec127616f9627162ce56db34ea6a41a
12 Dec 2024 14:50:35 GMT,1.26,4992.3235819296,0x7dd9d1f7cfa5b7bda1c204dcbeb95c44e6f8efc5,0x7dd9d1f7cfa5b7bda1c204dcbeb95c44e6f8efc5,0x368aa80ba7db064709f1375cd9752af337a296d37dfb6823df09db79264ac079
12 Dec 2024 14:48:35 GMT,0.877,3474.81569948592,0x8768af24959d635bbf368d6e12240175e874b19a,0x8768af24959d635bbf368d6e12240175e874b19a,0xc3191cbc6f130bfb9508918f2500eeb48305945f5b7d348ad812a4907d621c64
11 Dec 2024 23:25:59 GMT,0.4,1538.712253916,0xeaac5aa73f7210de3e8586ad441d3cd5386c74f8,0xeaac5aa73f7210de3e8586ad441d3cd5386c74f8,0xff273cfc4032fc71bc91f3ba30b7e01cccd84aae63e93b7512812249869c6106
11 Dec 2024 08:36:59 GMT,0.1,367.2257262,0xfd37f4625ca5816157d55a5b3f7dd8dd5f8a0c2f,0xfd37f4625ca5816157d55a5b3f7dd8dd5f8a0c2f,0x4f2be602f698cc310a0a7c814e5bcd27f90a8c338a73c7179df3f547941bf369
10 Dec 2024 18:49:35 GMT,0.03,107.59784094,0x0a10194cbd3697bf553c17b77a48c7baa1850c8a,0x0a10194cbd3697bf553c17b77a48c7baa1850c8a,0x4b46bdf7b4ec353ebc80ab404ff862ac9659b40e8071cd6a2a7069ac22b76a8a
06 Dec 2024 13:11:59 GMT,0.11,424.2491,0xd22d6903c63a288cf37d0a28193d38177b2f95de,0xd22d6903c63a288cf37d0a28193d38177b2f95de,0xb7a390538414564654b5db501583d36a8e0ef40db63bdb584885baa87718f073
05 Dec 2024 19:56:11 GMT,0.19,730.1092,0x9d407e3b43db36bbed6bb8556978495c486a47b2,0x9d407e3b43db36bbed6bb8556978495c486a47b2,0xe7a98be49c5ba086d113d6e9f1f4f3387b78619a89a5118f808df7cbeb812b1d
05 Dec 2024 11:10:59 GMT,0.2,783.19,0xa265c96fcd0cb069e41268868bc652e2d2aac873,0xa265c96fcd0cb069e41268868bc652e2d2aac873,0x7ab4a01b8f7fe44d06e6dcd5ffc15a694a4e17270c530e4a0b6fb1eb345fd8db
05 Dec 2024 10:20:35 GMT,0.26,1023.24209156,0x637f46e65b151b221e2f81e1a42922bda1614419,0x637f46e65b151b221e2f81e1a42922bda1614419,0xe1048ae9e03bedc1f6755d829efded929eebcf1c93be23dabb8564287c4abae3
05 Dec 2024 08:18:59 GMT,2,7797.5957,0xb45e34f969e3a39549436c4a3e2b38ef5243527f,0xb45e34f969e3a39549436c4a3e2b38ef5243527f,0x2fe8b7dfeed3f4d897afd5d979564e5a58a16b107d1d873f4e8793740a3fcc12
05 Dec 2024 08:17:59 GMT,0.01,38.9879785,0xb45e34f969e3a39549436c4a3e2b38ef5243527f,0xb45e34f969e3a39549436c4a3e2b38ef5243527f,0x3e50dc40f04684cf7c107d0ab8cf74ee171ca6ae0cae5aaea7b09c6c8c45d3ea
05 Dec 2024 06:42:59 GMT,4.99,19237.7169655409,0xafc20aa831da5a651dfb5843d7c850d281880ead,0xafc20aa831da5a651dfb5843d7c850d281880ead,0x4b00535b4367ec557e9590935c5c475cbba54d000811bc8ddb476e36df19fa88
05 Dec 2024 05:59:35 GMT,0.034,131.10260811786,0xdac757de1b9bb3708542f8fcda427b822d4da57d,0xdac757de1b9bb3708542f8fcda427b822d4da57d,0xe26714a2ed305ae82b726f2a3b8ea778a66076533bda0a71469d6dd0a4d1a571
05 Dec 2024 05:21:47 GMT,0.077,296.74568,0x09675bdb976b5049d91d8ad4e024a256dc6d1a60,0x09675bdb976b5049d91d8ad4e024a256dc6d1a60,0x2586b86c113277cb2d88a1b1c425b4e584f0bcc7040affa97b687a568f1eb62a
05 Dec 2024 04:00:23 GMT,8,30750.72,0x3b6e4a8b1a4dbcddef1a1b7a1b65a587f65ea78f,0x3b6e4a8b1a4dbcddef1a1b7a1b65a587f65ea78f,0x96cecb7b7220bcbe4c53352ec16216360cb4ea8babdcdf44e346bac7cce6504e
04 Dec 2024 20:34:59 GMT,0.6,2328.8993556,0xc781b829aff316334fd732a8822ca27677872a31,0xc781b829aff316334fd732a8822ca27677872a31,0x73eb90923df28e3560fbc50baf46424d3f69d232e301bace83338a6da2fd2d76
04 Dec 2024 20:20:59 GMT,0.12,465.77987112,0xad43ae8160d3dcac4ff71ea9f023ff66b338d5bd,0xad43ae8160d3dcac4ff71ea9f023ff66b338d5bd,0xcfbb51977025bd856619ab103171a5df80ae69a8c6289deba6dba87fee1407e4
04 Dec 2024 19:58:11 GMT,3,11509.043904,0x70234d305c902853b38e81501cd95d57b4d034cb,0x70234d305c902853b38e81501cd95d57b4d034cb,0xb3404f021d82e1c6abc48cd5c4f8fcb7a3d507e063fe255f2f8acce9842e29ad
04 Dec 2024 18:43:47 GMT,0.25,951.6025,0xcbbc5d06be48b9b1d90a8e787b4d42bc4a3b74a8,0xcbbc5d06be48b9b1d90a8e787b4d42bc4a3b74a8,0xc2aca124cef003c1be665f20f02c1d4999b80a09167bcc30a2784d7f92e48612
04 Dec 2024 16:56:35 GMT,0.08,301.14081264,0xba4b00b09d1b5ce18e2e044b09e05ef6f4ebb061,0xba4b00b09d1b5ce18e2e044b09e05ef6f4ebb061,0x016cfdafbe49644bdbf267fa128a13e09acb5cb07f6ab0784c6a1e4f91ea90c9
04 Dec 2024 11:15:35 GMT,2,7438.12,0x2e1bbb7c78a5a534df2442909ab14ce370431e76,0x2e1bbb7c78a5a534df2442909ab14ce370431e76,0x1c239fce35f9903401948ab9a004056ec584c1cfddfd7a1cb87aefd623e264d3
04 Dec 2024 10:15:59 GMT,0.174,650.6895387,0xd31aeeb02e91501c558355249472d62e620dedf0,0xd31aeeb02e91501c558355249472d62e620dedf0,0xe6f43301222f171d859d3c87284d22bc547ffa33e9ba2b9881adfb71135053b4
04 Dec 2024 09:29:59 GMT,1.3,4836.131260792,0x0ec6b3ae9a6cb7074542dffe9c8af7cdbcc4a016,0x0ec6b3ae9a6cb7074542dffe9c8af7cdbcc4a016,0xa5455e646ba99ea21a9a092d58b9ea692b53d8d2000fc02c9a4348457154748e
04 Dec 2024 08:59:23 GMT,0.9,3330.5436,0x62c07ff156c0ef2b570507690659a1663e1733c4,0x62c07ff156c0ef2b570507690659a1663e1733c4,0xc0f19dcfa1d3634827322854787c1546495bbaaa08afed3e61cd9c0ba67e3b6c
04 Dec 2024 05:16:11 GMT,0.075,275.70210902175,0x09675bdb976b5049d91d8ad4e024a256dc6d1a60,0x09675bdb976b5049d91d8ad4e024a256dc6d1a60,0x9e022179b096264989538a6fc6e9ffad0b04f9cd62e279d2d33e10d308781d0e
04 Dec 2024 04:34:11 GMT,0.016,58.81644992464,0xa6552f413be2a57b41d35df27540a87c59f08572,0xa6552f413be2a57b41d35df27540a87c59f08572,0xf6eee4cdc8865fff7f64a933a83dec8a9c0c9b3b63e9935291da781fab1c3cf5
03 Dec 2024 22:54:23 GMT,0.015,54.12650029365,0x0a10194cbd3697bf553c17b77a48c7baa1850c8a,0x0a10194cbd3697bf553c17b77a48c7baa1850c8a,0x4048157a6c0c6b9646c041f0e44ccdfbc8132f32de8fd97e902e2e04fa52bc1e
03 Dec 2024 22:24:59 GMT,1.5,5412.650029365,0x46ae2f94864e3a3e98409ce91aea268668246492,0x46ae2f94864e3a3e98409ce91aea268668246492,0x228357866b60c24fef0192b2ef7cdf6e2f29e19cd4c45a941514db156e2cc060
03 Dec 2024 17:25:11 GMT,0.7,2492.87458,0xe751d56c31dc1b16595a2cdfc94388687e26a674,0xe751d56c31dc1b16595a2cdfc94388687e26a674,0x9dae7a6a75c38598a58df7c9c327e8128a3565b3fc454e271caec39ef906ee29
03 Dec 2024 17:14:59 GMT,0.38,1353.274772,0x2c8c68f84dfe2be2908f3aa54ab8505b7347ee02,0x2c8c68f84dfe2be2908f3aa54ab8505b7347ee02,0x7065cfd3b89d44a150276158c9cabf351aa12ae239076563a5d348211016a9bd
03 Dec 2024 13:19:35 GMT,0.28,1005.1664,0x7f70e30c726880049e9271bff94486bd0c9c92b8,0x7f70e30c726880049e9271bff94486bd0c9c92b8,0x39f4c5390b1a78ef5375ae04ac0ecea69911c25896c70af6c651f3f22f50c138
03 Dec 2024 11:26:59 GMT,0.1,361.27655,0x52f0af2c978e6a51a00735ac66b3b9156d016246,0x52f0af2c978e6a51a00735ac66b3b9156d016246,0xc5a5b0661616a63c6023d586096e712ca15f2fc05e5c434f0a7fac31d3fd6145
03 Dec 2024 11:02:59 GMT,0.15,538.9335,0xa52ca61794c1fbfee723b5e31ffd6724c8f88599,0xa52ca61794c1fbfee723b5e31ffd6724c8f88599,0xc15466b245605aded6195b2d289c0560545df5441695a3f610a42205ec9b8c4a
03 Dec 2024 08:35:23 GMT,0.078,282.1477542,0xaaa0795593f21606d595406a6e4bb57f59e87404,0xaaa0795593f21606d595406a6e4bb57f59e87404,0xf28a59b632bd33051cc2dc09699c715a570dc89e884e2e2c47f468a1e5ccdb94
03 Dec 2024 07:58:47 GMT,0.14,504.4746,0x63baa869e7c15afb918d78e0a8daba6561769d5b,0x63baa869e7c15afb918d78e0a8daba6561769d5b,0x95385380c2f40821ed9bf2dba44a1c4584fbade9bdb77b1d39118f24f6dd0410
03 Dec 2024 07:51:59 GMT,0.07,252.2373,0x71b67a47dcbbaf5807df875393f5c95157e06420,0x71b67a47dcbbaf5807df875393f5c95157e06420,0x37f541de775f534d22531cf1b6594029f392088aa46244ebdf9e7c236e1f4980
03 Dec 2024 05:12:47 GMT,0.03,109.3371857838,0xfcac3908a07e249817f0eed5c62bde9d2e4daf95,0xfcac3908a07e249817f0eed5c62bde9d2e4daf95,0x798f3af839abd39a8fa714089af1932bcbaeabfed7d6fae0eef8a0716d383a7e
03 Dec 2024 05:05:11 GMT,0.132,481.08361744872,0x994d36dbbcffa5d1d7090e72050a6899ce08f2c3,0x994d36dbbcffa5d1d7090e72050a6899ce08f2c3,0x04baba92982612ab6d9caf0e6d1f34c96216e6b50bcb3636c54049df2e81d09a
03 Dec 2024 04:08:23 GMT,0.41,1491.449948,0x52f0af2c978e6a51a00735ac66b3b9156d016246,0x52f0af2c978e6a51a00735ac66b3b9156d016246,0x4a7f3ade07c657eddbc66a666211b4b1cfe7508318e72ebd182e3e6d9fd17cce
03 Dec 2024 03:50:23 GMT,0.145,530.1281678384,0x52f0af2c978e6a51a00735ac66b3b9156d016246,0x52f0af2c978e6a51a00735ac66b3b9156d016246,0x1d2fb87b24c430273a0cb0b5f711123b9a8235d1e930cb635510cf1789d4e0eb
02 Dec 2024 23:37:59 GMT,0.14,507.493,0x64977acf5dec2754d59f7fa7ae96ce564d969b85,0x64977acf5dec2754d59f7fa7ae96ce564d969b85,0xc17a64df7107207cf5f12a52ab9af5e86b3233830d6eb95216ca770bc0c368c4
02 Dec 2024 19:29:35 GMT,0.18,647.482554,0xdfcd3d1c3f7967979915b7f4bbb33b4aac205ae3,0xdfcd3d1c3f7967979915b7f4bbb33b4aac205ae3,0xd6bd539059d9cd19058e3a03193743385a3e6ff58fee9a8b72e0328bc6dedb20
02 Dec 2024 19:01:59 GMT,0.9,3255.01533,0xb7c3e415ce88a5886ed48e5c385bed58e91007e6,0xb7c3e415ce88a5886ed48e5c385bed58e91007e6,0x094508e08a2f37a17c33d70950b27b7e1bb032ae65acc8ed199c2babbe901e9c
02 Dec 2024 18:33:47 GMT,0.2,723.33674,0x979773c9e63de3b6ab1333f644900ac78b1c68d6,0x979773c9e63de3b6ab1333f644900ac78b1c68d6,0x3e84c21b36270855ffd66dcb7a5bd3b09d6db38ed439339cab965527af587cea
02 Dec 2024 18:09:23 GMT,0.12,429.5556,0xfb7cc4982e6b341d072b98c50295da9cda16f56e,0xfb7cc4982e6b341d072b98c50295da9cda16f56e,0xbeebf4cff79154bf96c3c54bd90e994b47706e8b5af9dcc8e7db9838b8c5dbae
02 Dec 2024 17:31:35 GMT,1,3623.5894,0x22bf3682366a00b50760b46fdd4c0c0d419ab8bf,0x22bf3682366a00b50760b46fdd4c0c0d419ab8bf,0x063b8ec8232a44b3777ccdaaf84087a448d3deaef354941a1b79fa875a190676
02 Dec 2024 17:05:11 GMT,0.1,362.17036,0x67c17a32483d946fe1fbc6508ffb841dc5746cca,0x67c17a32483d946fe1fbc6508ffb841dc5746cca,0x3c3a2c152251d2439b345582dc7bb4795798390d86181c140314c518f4723877
02 Dec 2024 16:51:47 GMT,0.003,10.8651108,0x0a10194cbd3697bf553c17b77a48c7baa1850c8a,0x0a10194cbd3697bf553c17b77a48c7baa1850c8a,0x9d4480823c4dddc8a443b6d47c3f356d69ac63a5bf8c6294357a5af1a6bf66aa
02 Dec 2024 16:37:35 GMT,0.2,728.1468418,0xb774109ce14072fae12f0daec57cd34e372f7fcd,0xb774109ce14072fae12f0daec57cd34e372f7fcd,0xbbb4493e34733fa3d8cec09fc49f9a51ed3d200f79a4f8b84b47c5cd6f1f4cf3
02 Dec 2024 16:07:11 GMT,0.15,549.6937371,0x16e91195b2c4b5fc6640c27de0c9244790eedadd,0x16e91195b2c4b5fc6640c27de0c9244790eedadd,0x9add0a1782e0aa596e2fd1d55db1d24877cf4631acf94ea06f09de8018ddf770
02 Dec 2024 15:56:11 GMT,1.3,4764.0123882,0xb7866b058ab5d56d4f5968228e3820a6a16d7b82,0xb7866b058ab5d56d4f5968228e3820a6a16d7b82,0x96f2e859dcf5762f63e84c54091c2137051ea999d85e8b136628d6b914e2211b
02 Dec 2024 15:02:23 GMT,0.17,619.8798736515,0xb5cadc056c4925d44e4a697ecc23802548372f5b,0xb5cadc056c4925d44e4a697ecc23802548372f5b,0x2e0791327fbd823a9204126eafa7a4adcfbb22255e824a31b53124658a173cf8
02 Dec 2024 14:59:47 GMT,0.007,25.52446538565,0xeffe67afddda1c23a28eb991a847c2986a77ecd5,0xeffe67afddda1c23a28eb991a847c2986a77ecd5,0xf5cbaffa00d53a20919351d89df86eb1bf388898d80d4606afbb76579c4997d2
02 Dec 2024 14:34:23 GMT,0.22,802.197483549,0xfdc532f085dce1e275c795b1028d390e0a0c3cb0,0xfdc532f085dce1e275c795b1028d390e0a0c3cb0,0x79b0276aee25f675e6f81acf524d9d153514f4467d15161612bdfbe2d122c694
02 Dec 2024 14:31:59 GMT,0.03,108.8298,0x53864f7b86399e70fadd8f71aa4ba3cf01e26194,0x53864f7b86399e70fadd8f71aa4ba3cf01e26194,0x3a83c7d9ac450975994b33d62848f12784e932f16988b51287183a54896ddc1d
02 Dec 2024 14:16:59 GMT,1.1111111111111112,4030.733333333333655792,0x56d47613834edbd855bfdef7fa4702dfd53c31c2,0xe4199af7e3fcaf740e03238084cf4a045d0e0265,0xf791cd7106759ff49b1f8c57ddf24be9b4410aaf805fcae1ca60b34d9147253e
02 Dec 2024 14:15:47 GMT,2,7255.32,0xc62682a2b61f60479f0d07c5ab1bf506bfd335b4,0xc62682a2b61f60479f0d07c5ab1bf506bfd335b4,0xeaf1d04dac42260eac582c51e0430c0a7112402afccd0f23a2a147a0bd326585
02 Dec 2024 14:04:59 GMT,0.15,544.149,0xa52ca61794c1fbfee723b5e31ffd6724c8f88599,0xa52ca61794c1fbfee723b5e31ffd6724c8f88599,0x6f352c00eef1c8bef4208ed2c0f588c7eaafc3df43bd73bb01c29944fd3f0961
02 Dec 2024 13:47:47 GMT,0.15,541.28472,0x8d7307d09985a68c71c7e2edc7c3f29ee9a67e95,0x8d7307d09985a68c71c7e2edc7c3f29ee9a67e95,0x710cf91d2587e75272ba798efe4230b28667020f5579f7c07f5eb5a93ab1e1c4
02 Dec 2024 13:39:35 GMT,0.37,1335.168976,0x13e1266c57855fa3deb5c60441567122a86dc581,0x13e1266c57855fa3deb5c60441567122a86dc581,0xc0a8d5bd22849b3c1d5e4a7a46da6492d1db63579b35607531df71ae654f9423
02 Dec 2024 13:34:23 GMT,0.37,1335.168976,0x7edce73c9531e03e0343415ab4a071e1dd55ed9d,0x7edce73c9531e03e0343415ab4a071e1dd55ed9d,0x6da9f77824ff5e9038b2f94c31aee793957a73e650e1e105e043d1eebfb2fd80
02 Dec 2024 13:29:11 GMT,0.15,541.28472,0xd76f488142afca18464da0cbc215dcd27f127fbf,0xd76f488142afca18464da0cbc215dcd27f127fbf,0x0363ecfbf18040eb99ebb82122d0083b242ee1fbb1f87fe2a39b5aa50fdc01c4
02 Dec 2024 13:24:35 GMT,41.6,150116.29568,0xfdc7c8ef87fc2ad97c21016efaa76ebc79124dbd,0xfdc7c8ef87fc2ad97c21016efaa76ebc79124dbd,0x2b2759c360d9f2ec73b6478fa16193042081c6bbd59c7aca4d894f95b469f595
02 Dec 2024 13:20:47 GMT,0.25,902.1412,0x8d7307d09985a68c71c7e2edc7c3f29ee9a67e95,0x8d7307d09985a68c71c7e2edc7c3f29ee9a67e95,0x4fdae6d54b25c5a90a9d2584a826d6f05193663068cb94913fd7ae2ae7aa4cc1
02 Dec 2024 13:15:11 GMT,0.5,1795.22,0xc27dd727a68d34f0b688454af9382593fc4587bd,0xc27dd727a68d34f0b688454af9382593fc4587bd,0x0f8568dcc8c00df5ec27d28a4f42530de930f20d3e286ee63d5958395f874301
02 Dec 2024 13:11:23 GMT,0.3,1077.132,0x584754814e314d3ccfd99a2ab024d075945c56c5,0x584754814e314d3ccfd99a2ab024d075945c56c5,0xf22568620e1c68a22f41650513dec8368b410dd8b9c344cc83b5d4cb9bbecdad
02 Dec 2024 11:43:11 GMT,0.05,179.5585,0x16aa582c697cbb4b66e051358858ecfaebe7dde0,0x16aa582c697cbb4b66e051358858ecfaebe7dde0,0x522f5f62333712ed5364dd45bc19742307a26f050f71c6f29dc0ae2b25071c92
01 Dec 2024 07:05:59 GMT,0.135,499.99545,0x129e81dad8cfaeecee130309b39b5f22215062ed,0x129e81dad8cfaeecee130309b39b5f22215062ed,0xbbe1925e7b304b9c85f5629b2c49d737506ad49427ded11534b6a636bb5972c4
01 Dec 2024 03:09:23 GMT,0.2,732.752182666,0x2cc407f88e6b6ac921e6abb6d63449ee904acbe2,0x2cc407f88e6b6ac921e6abb6d63449ee904acbe2,0x15e3979b7c217df2744033b8dd1eec353c55996db172d6bca1d2d3e3bb7e9c73
01 Dec 2024 01:52:35 GMT,0.03,111.6204,0xf57f1b4e3c4340bd0f83de0ff1dcfa6e2b6b60cb,0xf57f1b4e3c4340bd0f83de0ff1dcfa6e2b6b60cb,0x5497186092f32f07ed0afef27d025aa1b6228372c5b72059f2e81687636ae2f5
01 Dec 2024 00:20:35 GMT,0.015,55.73775,0x0b2c9e0ee3057f4b9b0c2e42894a3d5a9b32b5af,0x0b2c9e0ee3057f4b9b0c2e42894a3d5a9b32b5af,0x24e38c6ab8c0d211e452c05b8bb63ac1e05275e482cfd11336f5ccc5ebab3d05
01 Dec 2024 00:10:47 GMT,0.332,1233.6622,0x8768af24959d635bbf368d6e12240175e874b19a,0x8768af24959d635bbf368d6e12240175e874b19a,0xc52e764055b7927e92ade5d2c3278a9aaed1a41c4dd2e9696ac03bf948f96c10
01 Dec 2024 00:08:35 GMT,1.337,4968.09145,0x7dd9d1f7cfa5b7bda1c204dcbeb95c44e6f8efc5,0x7dd9d1f7cfa5b7bda1c204dcbeb95c44e6f8efc5,0x906d49448c4ced2f7e7f0cd40f345353e66d539b3db7e7d57f358139f5434f4f
30 Nov 2024 21:50:11 GMT,1,3717.4408569,0xa1554727c8e0331b7fcd4abba5e2ac29a986dff0,0xa1554727c8e0331b7fcd4abba5e2ac29a986dff0,0xf2d0d1fac055364643b1668bbd32303bd591e682039d6c1cb8ed9021598af4e8
30 Nov 2024 21:31:35 GMT,0.5,1850.832376765,0xd255801d7a294e4ceac416a3caf5791275d645f5,0xd255801d7a294e4ceac416a3caf5791275d645f5,0x4ac7aad47fa7efd24699de4921a55b0a571b613c1a15ec96448dad180248e29d
30 Nov 2024 21:30:35 GMT,0.002,7.40332950706,0x952551d0f5d09a1bb7be1ab9bd8183d6e41e6784,0x952551d0f5d09a1bb7be1ab9bd8183d6e41e6784,0x2ac43ab175e5fe3c85b2d76982072b18b96645f5fd5c535aa5c7ff8dc90be929
30 Nov 2024 20:25:23 GMT,0.54,1996.6337328726,0x38b57b38cdf21442cde3a849988b6cf859083da8,0x38b57b38cdf21442cde3a849988b6cf859083da8,0x8cdf5f25f72b9f22737308ffc00206f50d8fadb3f3a471c0e32613ffef7d0c18
30 Nov 2024 20:12:47 GMT,0.11,406.7216863259,0xc722f8d6f0ffd90bc91218c4c0d02f57f3793edb,0xc722f8d6f0ffd90bc91218c4c0d02f57f3793edb,0xe869c52ebad3647ef7e8de674d8f8b3e2aa03bec5d4de6369da514895d12b07a
30 Nov 2024 16:27:35 GMT,0.3,1099.461,0x0f8a515c02d13ef6e6a9f9d3c9d6802389664906,0x0f8a515c02d13ef6e6a9f9d3c9d6802389664906,0x49086819f77efc89d9170fa22cffa82d3d5df65cc5a6a3b28dedd63a3a664f74
30 Nov 2024 16:09:59 GMT,0.26,957.754408,0x8fb16dd4459682af7d6abbbf5e78095d8c826b41,0x8fb16dd4459682af7d6abbbf5e78095d8c826b41,0x316f9dfccda6f2cb1b6c44c3b5cd8ca8be3338ba5a44dec05803096e232323f3
30 Nov 2024 14:26:11 GMT,0.1021,375.897591809293,0x019ae3430263f42254d22f427f8dcf3f5f7ba9ff,0x019ae3430263f42254d22f427f8dcf3f5f7ba9ff,0x6bcf140cb3e16bf65b6ed54e3779de824d4b4ba08712e326b7e87dc2cebfc0bc
30 Nov 2024 13:05:47 GMT,1,3673.48175686,0xa0e730ae29d4ddbc39c40f94d799b75c3e17bd58,0xa0e730ae29d4ddbc39c40f94d799b75c3e17bd58,0x1e9dd0aeee6c0fbf69d3dc44c612ad8ca72a22867d796bf874384c972a91136f
30 Nov 2024 10:54:35 GMT,0.22,803.7634,0xfaf10847fddea49efa4be2e6a43bca52fb784ef8,0xfaf10847fddea49efa4be2e6a43bca52fb784ef8,0xefdb480a29c349049e4966bb006b7e9336aa1cb3a38cbab86d13405fb9ecda81
30 Nov 2024 09:23:47 GMT,0.006,22.167527064,0xdf5d59874e54f62088259585db8af73dfc0cfbce,0xdf5d59874e54f62088259585db8af73dfc0cfbce,0x6f5bd84f803042c47bdb2129225d5ba7af4d755cfbfa6c423b6cf6070800e9eb
30 Nov 2024 09:22:11 GMT,0.03,110.83763532,0xdf5d59874e54f62088259585db8af73dfc0cfbce,0xdf5d59874e54f62088259585db8af73dfc0cfbce,0x0a61ca0aad284abcfee9d92ab03e490e3df5b5770fbdd6fb8c1231743919e36b
30 Nov 2024 09:19:23 GMT,0.01,36.94587844,0xdf5d59874e54f62088259585db8af73dfc0cfbce,0xdf5d59874e54f62088259585db8af73dfc0cfbce,0x9a1d84f52165c7f9e0f761cb67bbb7ce8c635d7b571fed4b1930c56b154a052f
30 Nov 2024 07:25:47 GMT,0.042,155.84649694824,0x84e1056ed1b76fb03b43e924ef98833dba394b2b,0x84e1056ed1b76fb03b43e924ef98833dba394b2b,0x394a895d5f50aae0813cd33c059eda86fb9ee89ce1e8ea1c7d7264be868ca2d0
30 Nov 2024 03:31:11 GMT,0.3,1086.7555851,0x09675bdb976b5049d91d8ad4e024a256dc6d1a60,0x09675bdb976b5049d91d8ad4e024a256dc6d1a60,0x7ae88be478e9b5c5b341cdf8a15b533447d65dc1e3673d123c72c6de7fa9938f
30 Nov 2024 00:57:35 GMT,0.2,716.852,0x7261a3b25f410a2e90d12a79bf6a2eea89a41993,0x7261a3b25f410a2e90d12a79bf6a2eea89a41993,0x86d91b0bdb99a9c02786d21219d4a3da2b2d7aa04a172b979c0aae4ee8408327
30 Nov 2024 00:34:11 GMT,0.02,72.0624,0x5378e05829cb1933f82eb2b7d9b1c9d5ab95919f,0x5378e05829cb1933f82eb2b7d9b1c9d5ab95919f,0xae3a9a743ab773b5af2ecebc64cc1fe776bcc14f93373a086fd45c58db858082
29 Nov 2024 12:46:59 GMT,0.51,1834.0486281876,0x8fb16dd4459682af7d6abbbf5e78095d8c826b41,0x8fb16dd4459682af7d6abbbf5e78095d8c826b41,0xd75cda389570ed02413285519a5d04666161f27f5b9a5adeaf5bcd40f1072628
29 Nov 2024 12:31:11 GMT,0.035,125.8660823266,0xf2d03c5f5cfbed203959a619fdccb17135e328a3,0xf2d03c5f5cfbed203959a619fdccb17135e328a3,0x5dbad679054e70713eb54787bccad8a306d887c1962466055bbb8c330085799f
29 Nov 2024 09:08:11 GMT,0.0288,102.633550529472,0x3c4fbf8908fbb9e0af4d86e7b2ee0fdaef955cad,0x3c4fbf8908fbb9e0af4d86e7b2ee0fdaef955cad,0x1d04fd2e2b58daf5a43d2d9032f8942110e51d1a28b3025f7b2b969bb7d6d458
29 Nov 2024 03:05:11 GMT,0.038,136.799696,0x2c077b656d76d67e3d7dd87edf5359add1b64047,0x2c077b656d76d67e3d7dd87edf5359add1b64047,0x3797acecdbc89148e4a6a883429859c6123f45f74cb60f022f785a1f324e4098
28 Nov 2024 20:07:59 GMT,0.13,464.802,0x8fb16dd4459682af7d6abbbf5e78095d8c826b41,0x8fb16dd4459682af7d6abbbf5e78095d8c826b41,0x55d5387c4b0d0907d44af4c2c84b3448e1a558f56e54eddb1ffa5d276c001970
28 Nov 2024 18:53:47 GMT,0.001,3.5775489,0x3c540976861c0851362b0eea52a700146556fb4c,0x3c540976861c0851362b0eea52a700146556fb4c,0xb2bba2c49694d60b1e901686b8f9460ca4a8dab6b721861012b7b773bf74b025
28 Nov 2024 18:01:35 GMT,0.0009999999,3.55053754494621,0x120bb81372801d4f6f032b494714033b8abd207c,0x120bb81372801d4f6f032b494714033b8abd207c,0x4bdd40d4183737e4c4a79632fc2a5b861c216719c5843731d7461ae0f1f9d8db
28 Nov 2024 16:02:11 GMT,0.025,88.70217785,0x4a75c0aaefbe2703c3b3a8dff1e6e5bf9e4078db,0x4a75c0aaefbe2703c3b3a8dff1e6e5bf9e4078db,0x26957f497ed7cf6bb04cbcdba451b8bbd2913ec8c03c53d3dc684622b9a39a0d
28 Nov 2024 15:59:11 GMT,0.075,266.10653355,0xfaf6bb8f1a300130fb9dc582dc8363a50841882d,0xfaf6bb8f1a300130fb9dc582dc8363a50841882d,0x3941d73ba23abeadb4ee2b9876b267440bb6e54b09c14d2c71e19177030452a8
28 Nov 2024 15:40:23 GMT,0.12,428.0064,0x8fb16dd4459682af7d6abbbf5e78095d8c826b41,0x8fb16dd4459682af7d6abbbf5e78095d8c826b41,0xf3460ee1e880e1792ac55d7824f32086c044dac619013012e53ceeaf8b00e950
28 Nov 2024 14:58:11 GMT,1.142,4072.229833562,0x2997d090fad8532bb04f456a7b679ea6ceb637f4,0x2997d090fad8532bb04f456a7b679ea6ceb637f4,0xbbcc070f6870d427b593aed75ca6c7715e77309c598a83214ba3db964a975333
28 Nov 2024 14:50:59 GMT,0.45,1604.64397995,0x59b9b585ca0f45caa5f4bbd61db42b18b4fbf383,0x59b9b585ca0f45caa5f4bbd61db42b18b4fbf383,0xbe4ab5a10547185ea84f57300d066cfbc82bc699e2590b0a38b078e62d890599
28 Nov 2024 14:35:23 GMT,0.03,106.97626533,0x1c46a31f6bb71f72dc37c99556ec6e15003343fa,0x1c46a31f6bb71f72dc37c99556ec6e15003343fa,0x205a47ae874bd9996765a0bd36610301c2353b6486b2649a961940a5aa853556
28 Nov 2024 12:59:47 GMT,0.42069,1519.4313144,0x08db30cc1a1e6f6b00deabf5dac0c6acb874efca,0x08db30cc1a1e6f6b00deabf5dac0c6acb874efca,0x56c935197bba41549f9ecf5e7c584c206036b781ee76a7c875c7b20892aaad40
28 Nov 2024 12:56:35 GMT,0.28,1011.2928,0xdf4e5f30865c4dbe97f3947b02cf891c5a7cd93c,0xdf4e5f30865c4dbe97f3947b02cf891c5a7cd93c,0x96d30241ea93261a7158ef37458b2dfb4ed2d2e60fc284a2bb95cbaf9f430446
28 Nov 2024 12:55:23 GMT,0.56,2022.5856,0xf7dd52707034696efd21acbdaba4e3de555bd488,0xf7dd52707034696efd21acbdaba4e3de555bd488,0xc0ce0dd10267cb2056cb769264c2185e3dc171fce91c18d479352dd41ce96494
28 Nov 2024 12:06:11 GMT,0.15,542.60262,0xfcf6eb1c0dfb6ace0f25ea2a5432f8c957abb4b2,0xfcf6eb1c0dfb6ace0f25ea2a5432f8c957abb4b2,0x14d22a9c8f90dcb901e62e7d2db634276150ae38f7a403274230401e50a77c23